,centralized_coupled,decoupled,coordinated,decoupled_wds_penalties,coordinated_wds_penalties,decoupled_wds_cost,coordinated_wds_cost,decoupled_wds_vol,coordinated_wds_vol,decoupled_final_vol,coordinated_final_vol,t,start_time,wds_demand_factor,pds_demand_factor,pv_factor,outage_lines,n_outage_lines,tanks_state,batteries_state,final_tanks_ratio
0,432.3670552266078,445.9639383185354,432.367069782262,"[0.0, 0.0]","[221.0, 0.0]",78.9,9.25,994.0,114.0,"[1043.2818754046853, 313.4014751456866]","[327.28187540468525, 231.40147514568662]",8,8,1,1,1.0395,"[21, 17]",2,"[0.7, 0.7]","[0.7, 0.7, 0.7, 0.7]",0
1,810.8854292290183,825.0323996557428,810.8826911500117,"[0.0, 0.0]","[221.0, 0.0]",78.9,9.25,994.0,114.0,"[1043.2818754046853, 313.4014751456866]","[327.28187540468525, 231.40147514568662]",8,8,1,1,0.8727,"[21, 17]",2,"[0.7, 0.7]","[0.7, 0.7, 0.7, 0.7]",0
2,792.8809302944477,807.0234932742577,792.8773514495474,"[0.0, 0.0]","[221.0, 0.0]",78.9,9.25,994.0,114.0,"[1043.2818754046853, 313.4014751456866]","[327.28187540468525, 231.40147514568662]",8,8,1,1,0.8799,"[21, 17]",2,"[0.7, 0.7]","[0.7, 0.7, 0.7, 0.7]",0
3,761.6652976867182,775.8012528439973,761.6622923432213,"[0.0, 0.0]","[221.0, 0.0]",78.9,9.25,994.0,114.0,"[1043.2818754046853, 313.4014751456866]","[327.28187540468525, 231.40147514568662]",8,8,1,1,0.8924,"[21, 17]",2,"[0.7, 0.7]","[0.7, 0.7, 0.7, 0.7]",0
4,475.93863411046766,489.54205911303785,475.93780043786177,"[0.0, 0.0]","[221.0, 0.0]",78.9,9.25,994.0,114.0,"[1043.2818754046853, 313.4014751456866]","[327.28187540468525, 231.40147514568662]",8,8,1,1,1.0187,"[21, 17]",2,"[0.7, 0.7]","[0.7, 0.7, 0.7, 0.7]",0
5,668.045426790303,682.1363755074752,668.0469404717477,"[0.0, 0.0]","[221.0, 0.0]",78.9,9.25,994.0,114.0,"[1043.2818754046853, 313.4014751456866]","[327.28187540468525, 231.40147514568662]",8,8,1,1,0.9301,"[21, 17]",2,"[0.7, 0.7]","[0.7, 0.7, 0.7, 0.7]",0
6,605.8561625115041,619.6019903980724,605.8551837449425,"[0.0, 0.0]","[221.0, 0.0]",78.9,9.25,994.0,114.0,"[1043.2818754046853, 313.4014751456866]","[327.28187540468525, 231.40147514568662]",8,8,1,1,0.958,"[21, 17]",2,"[0.7, 0.7]","[0.7, 0.7, 0.7, 0.7]",0
7,897.3001158884751,911.453181510383,897.2966491123402,"[0.0, 0.0]","[221.0, 0.0]",78.9,9.25,994.0,114.0,"[1043.2818754046853, 313.4014751456866]","[327.28187540468525, 231.40147514568662]",8,8,1,1,0.8382,"[21, 17]",2,"[0.7, 0.7]","[0.7, 0.7, 0.7, 0.7]",0
8,463.7719436341939,477.37306193358745,463.77134024007376,"[0.0, 0.0]","[221.0, 0.0]",78.9,9.25,994.0,114.0,"[1043.2818754046853, 313.4014751456866]","[327.28187540468525, 231.40147514568662]",8,8,1,1,1.0245,"[21, 17]",2,"[0.7, 0.7]","[0.7, 0.7, 0.7, 0.7]",0
9,174.51902605649474,188.1126975601208,174.5192592011902,"[0.0, 0.0]","[221.0, 0.0]",78.9,9.25,994.0,114.0,"[1043.2818754046853, 313.4014751456866]","[327.28187540468525, 231.40147514568662]",8,8,1,1,1.163,"[21, 17]",2,"[0.7, 0.7]","[0.7, 0.7, 0.7, 0.7]",0
10,204.53758276826912,218.13122756907683,204.53622057871468,"[0.0, 0.0]","[221.0, 0.0]",78.9,9.25,994.0,114.0,"[1043.2818754046853, 313.4014751456866]","[327.28187540468525, 231.40147514568662]",8,8,1,1,1.1486,"[21, 17]",2,"[0.7, 0.7]","[0.7, 0.7, 0.7, 0.7]",0
11,249.1692106763021,262.7636074326229,249.1702006303133,"[0.0, 0.0]","[221.0, 0.0]",78.9,9.25,994.0,114.0,"[1043.2818754046853, 313.4014751456866]","[327.28187540468525, 231.40147514568662]",8,8,1,1,1.1272,"[21, 17]",2,"[0.7, 0.7]","[0.7, 0.7, 0.7, 0.7]",0
12,598.2798195216549,612.0243210576485,598.279266561439,"[0.0, 0.0]","[221.0, 0.0]",78.9,9.25,994.0,114.0,"[1043.2818754046853, 313.4014751456866]","[327.28187540468525, 231.40147514568662]",8,8,1,1,0.9615,"[21, 17]",2,"[0.7, 0.7]","[0.7, 0.7, 0.7, 0.7]",0
13,714.0941260638563,728.2154415338337,714.0925134180848,"[0.0, 0.0]","[221.0, 0.0]",78.9,9.25,994.0,114.0,"[1043.2818754046853, 313.4014751456866]","[327.28187540468525, 231.40147514568662]",8,8,1,1,0.9115,"[21, 17]",2,"[0.7, 0.7]","[0.7, 0.7, 0.7, 0.7]",0
14,629.477252444611,643.2340826758549,629.4773950805292,"[0.0, 0.0]","[221.0, 0.0]",78.9,9.25,994.0,114.0,"[1043.2818754046853, 313.4014751456866]","[327.28187540468525, 231.40147514568662]",8,8,1,1,0.9471,"[21, 17]",2,"[0.7, 0.7]","[0.7, 0.7, 0.7, 0.7]",0
15,338.3045051903898,351.90001493749514,338.3040489492433,"[0.0, 0.0]","[221.0, 0.0]",78.9,9.25,994.0,114.0,"[1043.2818754046853, 313.4014751456866]","[327.28187540468525, 231.40147514568662]",8,8,1,1,1.0845,"[21, 17]",2,"[0.7, 0.7]","[0.7, 0.7, 0.7, 0.7]",0
16,160.1388813828009,173.73213586723455,160.13869694824982,"[0.0, 0.0]","[221.0, 0.0]",78.9,9.25,994.0,114.0,"[1043.2818754046853, 313.4014751456866]","[327.28187540468525, 231.40147514568662]",8,8,1,1,1.1699,"[21, 17]",2,"[0.7, 0.7]","[0.7, 0.7, 0.7, 0.7]",0
17,803.8802781959037,818.0275236281284,803.8777368714162,"[0.0, 0.0]","[221.0, 0.0]",78.9,9.25,994.0,114.0,"[1043.2818754046853, 313.4014751456866]","[327.28187540468525, 231.40147514568662]",8,8,1,1,0.8755,"[21, 17]",2,"[0.7, 0.7]","[0.7, 0.7, 0.7, 0.7]",0
18,425.88118118291294,439.47850037483545,425.88137447327216,"[0.0, 0.0]","[221.0, 0.0]",78.9,9.25,994.0,114.0,"[1043.2818754046853, 313.4014751456866]","[327.28187540468525, 231.40147514568662]",8,8,1,1,1.0426,"[21, 17]",2,"[0.7, 0.7]","[0.7, 0.7, 0.7, 0.7]",0
19,975.0687343714659,989.2242871659581,975.0637143041622,"[0.0, 0.0]","[221.0, 0.0]",78.9,9.25,994.0,114.0,"[1043.2818754046853, 313.4014751456866]","[327.28187540468525, 231.40147514568662]",8,8,1,1,0.8072,"[21, 17]",2,"[0.7, 0.7]","[0.7, 0.7, 0.7, 0.7]",0
20,439.89848089991955,453.49703603386035,439.89862377825864,"[0.0, 0.0]","[221.0, 0.0]",78.9,9.25,994.0,114.0,"[1043.2818754046853, 313.4014751456866]","[327.28187540468525, 231.40147514568662]",8,8,1,1,1.0359,"[21, 17]",2,"[0.7, 0.7]","[0.7, 0.7, 0.7, 0.7]",0
21,454.760644437368,468.3606996374349,454.76075588613855,"[0.0, 0.0]","[221.0, 0.0]",78.9,9.25,994.0,114.0,"[1043.2818754046853, 313.4014751456866]","[327.28187540468525, 231.40147514568662]",8,8,1,1,1.0288,"[21, 17]",2,"[0.7, 0.7]","[0.7, 0.7, 0.7, 0.7]",0
22,125.1395954928642,138.7322891073354,125.1394488454072,"[0.0, 0.0]","[221.0, 0.0]",78.9,9.25,994.0,114.0,"[1043.2818754046853, 313.4014751456866]","[327.28187540468525, 231.40147514568662]",8,8,1,1,1.1867,"[21, 17]",2,"[0.7, 0.7]","[0.7, 0.7, 0.7, 0.7]",0
23,456.436376798556,470.0367772142005,456.43661032607224,"[0.0, 0.0]","[221.0, 0.0]",78.9,9.25,994.0,114.0,"[1043.2818754046853, 313.4014751456866]","[327.28187540468525, 231.40147514568662]",8,8,1,1,1.028,"[21, 17]",2,"[0.7, 0.7]","[0.7, 0.7, 0.7, 0.7]",0
24,696.473241911341,710.5872334284828,696.4708571779883,"[0.0, 0.0]","[221.0, 0.0]",78.9,9.25,994.0,114.0,"[1043.2818754046853, 313.4014751456866]","[327.28187540468525, 231.40147514568662]",8,8,1,1,0.9186,"[21, 17]",2,"[0.7, 0.7]","[0.7, 0.7, 0.7, 0.7]",0
25,622.7538696657128,636.5076313532551,622.7534149833549,"[0.0, 0.0]","[221.0, 0.0]",78.9,9.25,994.0,114.0,"[1043.2818754046853, 313.4014751456866]","[327.28187540468525, 231.40147514568662]",8,8,1,1,0.9502,"[21, 17]",2,"[0.7, 0.7]","[0.7, 0.7, 0.7, 0.7]",0
26,496.53182578844445,510.15295808976714,496.53292129047963,"[0.0, 0.0]","[221.0, 0.0]",78.9,9.25,994.0,114.0,"[1043.2818754046853, 313.4014751456866]","[327.28187540468525, 231.40147514568662]",8,8,1,1,1.0089,"[21, 17]",2,"[0.7, 0.7]","[0.7, 0.7, 0.7, 0.7]",0
27,122.84824369812259,136.44118520331494,122.84825585878176,"[0.0, 0.0]","[221.0, 0.0]",78.9,9.25,994.0,114.0,"[1043.2818754046853, 313.4014751456866]","[327.28187540468525, 231.40147514568662]",8,8,1,1,1.1878,"[21, 17]",2,"[0.7, 0.7]","[0.7, 0.7, 0.7, 0.7]",0
28,836.1635974554157,850.317059465723,836.1635274128147,"[0.0, 0.0]","[221.0, 0.0]",78.9,9.25,994.0,114.0,"[1043.2818754046853, 313.4014751456866]","[327.28187540468525, 231.40147514568662]",8,8,1,1,0.8626,"[21, 17]",2,"[0.7, 0.7]","[0.7, 0.7, 0.7, 0.7]",0
29,459.7889093954738,473.3898081116821,459.78891062630504,"[0.0, 0.0]","[221.0, 0.0]",78.9,9.25,994.0,114.0,"[1043.2818754046853, 313.4014751456866]","[327.28187540468525, 231.40147514568662]",8,8,1,1,1.0264,"[21, 17]",2,"[0.7, 0.7]","[0.7, 0.7, 0.7, 0.7]",0
30,258.3491766012947,271.94363459914086,258.35019661817574,"[0.0, 0.0]","[221.0, 0.0]",78.9,9.25,994.0,114.0,"[1043.2818754046853, 313.4014751456866]","[327.28187540468525, 231.40147514568662]",8,8,1,1,1.1228,"[21, 17]",2,"[0.7, 0.7]","[0.7, 0.7, 0.7, 0.7]",0
31,382.1808545992051,395.7767920793765,382.180143863339,"[0.0, 0.0]","[221.0, 0.0]",78.9,9.25,994.0,114.0,"[1043.2818754046853, 313.4014751456866]","[327.28187540468525, 231.40147514568662]",8,8,1,1,1.0635,"[21, 17]",2,"[0.7, 0.7]","[0.7, 0.7, 0.7, 0.7]",0
32,254.8021662756043,268.3966182735392,254.8032487490657,"[0.0, 0.0]","[221.0, 0.0]",78.9,9.25,994.0,114.0,"[1043.2818754046853, 313.4014751456866]","[327.28187540468525, 231.40147514568662]",8,8,1,1,1.1245,"[21, 17]",2,"[0.7, 0.7]","[0.7, 0.7, 0.7, 0.7]",0
33,657.1282384431391,671.1642878149834,657.1282320399807,"[0.0, 0.0]","[221.0, 0.0]",78.9,9.25,994.0,114.0,"[1043.2818754046853, 313.4014751456866]","[327.28187540468525, 231.40147514568662]",8,8,1,1,0.9346,"[21, 17]",2,"[0.7, 0.7]","[0.7, 0.7, 0.7, 0.7]",0
34,585.9557834606983,599.6942331012073,585.9559602865579,"[0.0, 0.0]","[221.0, 0.0]",78.9,9.25,994.0,114.0,"[1043.2818754046853, 313.4014751456866]","[327.28187540468525, 231.40147514568662]",8,8,1,1,0.9672,"[21, 17]",2,"[0.7, 0.7]","[0.7, 0.7, 0.7, 0.7]",0
35,302.178256435431,315.77345839500566,302.17818305321555,"[0.0, 0.0]","[221.0, 0.0]",78.9,9.25,994.0,114.0,"[1043.2818754046853, 313.4014751456866]","[327.28187540468525, 231.40147514568662]",8,8,1,1,1.1018,"[21, 17]",2,"[0.7, 0.7]","[0.7, 0.7, 0.7, 0.7]",0
36,139.09521603183765,152.68854217954038,139.0950103209301,"[0.0, 0.0]","[221.0, 0.0]",78.9,9.25,994.0,114.0,"[1043.2818754046853, 313.4014751456866]","[327.28187540468525, 231.40147514568662]",8,8,1,1,1.18,"[21, 17]",2,"[0.7, 0.7]","[0.7, 0.7, 0.7, 0.7]",0
37,901.5617253244981,915.715973222468,901.5584060822456,"[0.0, 0.0]","[221.0, 0.0]",78.9,9.25,994.0,114.0,"[1043.2818754046853, 313.4014751456866]","[327.28187540468525, 231.40147514568662]",8,8,1,1,0.8365,"[21, 17]",2,"[0.7, 0.7]","[0.7, 0.7, 0.7, 0.7]",0
38,208.4991251162731,222.09298662727858,208.49945254629725,"[0.0, 0.0]","[221.0, 0.0]",78.9,9.25,994.0,114.0,"[1043.2818754046853, 313.4014751456866]","[327.28187540468525, 231.40147514568662]",8,8,1,1,1.1467,"[21, 17]",2,"[0.7, 0.7]","[0.7, 0.7, 0.7, 0.7]",0
39,626.8741513281459,640.6298540408543,626.8724517185267,"[0.0, 0.0]","[221.0, 0.0]",78.9,9.25,994.0,114.0,"[1043.2818754046853, 313.4014751456866]","[327.28187540468525, 231.40147514568662]",8,8,1,1,0.9483,"[21, 17]",2,"[0.7, 0.7]","[0.7, 0.7, 0.7, 0.7]",0
40,663.1629326300122,677.23392755408,663.164882413645,"[0.0, 0.0]","[221.0, 0.0]",78.9,9.25,994.0,114.0,"[1043.2818754046853, 313.4014751456866]","[327.28187540468525, 231.40147514568662]",8,8,1,1,0.9321,"[21, 17]",2,"[0.7, 0.7]","[0.7, 0.7, 0.7, 0.7]",0
41,128.88860143097887,142.4822343242934,128.88848117860303,"[0.0, 0.0]","[221.0, 0.0]",78.9,9.25,994.0,114.0,"[1043.2818754046853, 313.4014751456866]","[327.28187540468525, 231.40147514568662]",8,8,1,1,1.1849,"[21, 17]",2,"[0.7, 0.7]","[0.7, 0.7, 0.7, 0.7]",0
42,103.27295346011897,116.86565110753911,103.27294088815398,"[0.0, 0.0]","[221.0, 0.0]",78.9,9.25,994.0,114.0,"[1043.2818754046853, 313.4014751456866]","[327.28187540468525, 231.40147514568662]",8,8,1,1,1.1972,"[21, 17]",2,"[0.7, 0.7]","[0.7, 0.7, 0.7, 0.7]",0
43,316.7937704585661,330.3892871733068,316.7935077371159,"[0.0, 0.0]","[221.0, 0.0]",78.9,9.25,994.0,114.0,"[1043.2818754046853, 313.4014751456866]","[327.28187540468525, 231.40147514568662]",8,8,1,1,1.0948,"[21, 17]",2,"[0.7, 0.7]","[0.7, 0.7, 0.7, 0.7]",0
44,915.1020106500528,929.2567071444178,915.1000541462932,"[0.0, 0.0]","[221.0, 0.0]",78.9,9.25,994.0,114.0,"[1043.2818754046853, 313.4014751456866]","[327.28187540468525, 231.40147514568662]",8,8,1,1,0.8311,"[21, 17]",2,"[0.7, 0.7]","[0.7, 0.7, 0.7, 0.7]",0
45,139.3035237549198,152.89686562455304,139.3033315271988,"[0.0, 0.0]","[221.0, 0.0]",78.9,9.25,994.0,114.0,"[1043.2818754046853, 313.4014751456866]","[327.28187540468525, 231.40147514568662]",8,8,1,1,1.1799,"[21, 17]",2,"[0.7, 0.7]","[0.7, 0.7, 0.7, 0.7]",0
46,842.1731042675037,856.3258796779452,842.1731440290547,"[0.0, 0.0]","[221.0, 0.0]",78.9,9.25,994.0,114.0,"[1043.2818754046853, 313.4014751456866]","[327.28187540468525, 231.40147514568662]",8,8,1,1,0.8602,"[21, 17]",2,"[0.7, 0.7]","[0.7, 0.7, 0.7, 0.7]",0
47,253.3416961045972,266.93610356999136,253.34278864910482,"[0.0, 0.0]","[221.0, 0.0]",78.9,9.25,994.0,114.0,"[1043.2818754046853, 313.4014751456866]","[327.28187540468525, 231.40147514568662]",8,8,1,1,1.1252,"[21, 17]",2,"[0.7, 0.7]","[0.7, 0.7, 0.7, 0.7]",0
48,198.90818391236073,212.50188199861037,198.90689136020652,"[0.0, 0.0]","[221.0, 0.0]",78.9,9.25,994.0,114.0,"[1043.2818754046853, 313.4014751456866]","[327.28187540468525, 231.40147514568662]",8,8,1,1,1.1513,"[21, 17]",2,"[0.7, 0.7]","[0.7, 0.7, 0.7, 0.7]",0
49,904.320111914247,918.4728893945413,904.3161925610923,"[0.0, 0.0]","[221.0, 0.0]",78.9,9.25,994.0,114.0,"[1043.2818754046853, 313.4014751456866]","[327.28187540468525, 231.40147514568662]",8,8,1,1,0.8354,"[21, 17]",2,"[0.7, 0.7]","[0.7, 0.7, 0.7, 0.7]",0
50,608.2369373346785,621.984663472509,608.2367810168171,"[0.0, 0.0]","[221.0, 0.0]",78.9,9.25,994.0,114.0,"[1043.2818754046853, 313.4014751456866]","[327.28187540468525, 231.40147514568662]",8,8,1,1,0.9569,"[21, 17]",2,"[0.7, 0.7]","[0.7, 0.7, 0.7, 0.7]",0
51,158.68014900795455,172.27356385811538,158.68006071387427,"[0.0, 0.0]","[221.0, 0.0]",78.9,9.25,994.0,114.0,"[1043.2818754046853, 313.4014751456866]","[327.28187540468525, 231.40147514568662]",8,8,1,1,1.1706,"[21, 17]",2,"[0.7, 0.7]","[0.7, 0.7, 0.7, 0.7]",0
52,549.7117832384772,563.4326223895861,549.7115532906018,"[0.0, 0.0]","[221.0, 0.0]",78.9,9.25,994.0,114.0,"[1043.2818754046853, 313.4014751456866]","[327.28187540468525, 231.40147514568662]",8,8,1,1,0.984,"[21, 17]",2,"[0.7, 0.7]","[0.7, 0.7, 0.7, 0.7]",0
53,714.3424382364129,728.4640336784937,714.3409142520358,"[0.0, 0.0]","[221.0, 0.0]",78.9,9.25,994.0,114.0,"[1043.2818754046853, 313.4014751456866]","[327.28187540468525, 231.40147514568662]",8,8,1,1,0.9114,"[21, 17]",2,"[0.7, 0.7]","[0.7, 0.7, 0.7, 0.7]",0
54,202.86959733180927,216.46321512156416,202.8682251407035,"[0.0, 0.0]","[221.0, 0.0]",78.9,9.25,994.0,114.0,"[1043.2818754046853, 313.4014751456866]","[327.28187540468525, 231.40147514568662]",8,8,1,1,1.1494,"[21, 17]",2,"[0.7, 0.7]","[0.7, 0.7, 0.7, 0.7]",0
55,930.6523695224873,944.8076583208779,930.6477837693114,"[0.0, 0.0]","[221.0, 0.0]",78.9,9.25,994.0,114.0,"[1043.2818754046853, 313.4014751456866]","[327.28187540468525, 231.40147514568662]",8,8,1,1,0.8249,"[21, 17]",2,"[0.7, 0.7]","[0.7, 0.7, 0.7, 0.7]",0
56,316.3761462787455,329.97169528654564,316.37588440039593,"[0.0, 0.0]","[221.0, 0.0]",78.9,9.25,994.0,114.0,"[1043.2818754046853, 313.4014751456866]","[327.28187540468525, 231.40147514568662]",8,8,1,1,1.095,"[21, 17]",2,"[0.7, 0.7]","[0.7, 0.7, 0.7, 0.7]",0
57,905.8240818689235,919.9771572693495,905.8206274659665,"[0.0, 0.0]","[221.0, 0.0]",78.9,9.25,994.0,114.0,"[1043.2818754046853, 313.4014751456866]","[327.28187540468525, 231.40147514568662]",8,8,1,1,0.8348,"[21, 17]",2,"[0.7, 0.7]","[0.7, 0.7, 0.7, 0.7]",0
58,152.63729938437973,166.23080921963884,152.63802271238265,"[0.0, 0.0]","[221.0, 0.0]",78.9,9.25,994.0,114.0,"[1043.2818754046853, 313.4014751456866]","[327.28187540468525, 231.40147514568662]",8,8,1,1,1.1735,"[21, 17]",2,"[0.7, 0.7]","[0.7, 0.7, 0.7, 0.7]",0
59,350.21054645893014,363.8068805462913,350.21079964286423,"[0.0, 0.0]","[221.0, 0.0]",78.9,9.25,994.0,114.0,"[1043.2818754046853, 313.4014751456866]","[327.28187540468525, 231.40147514568662]",8,8,1,1,1.0788,"[21, 17]",2,"[0.7, 0.7]","[0.7, 0.7, 0.7, 0.7]",0
60,485.80875427041343,499.41430855319425,485.8083181899099,"[0.0, 0.0]","[221.0, 0.0]",78.9,9.25,994.0,114.0,"[1043.2818754046853, 313.4014751456866]","[327.28187540468525, 231.40147514568662]",8,8,1,1,1.014,"[21, 17]",2,"[0.7, 0.7]","[0.7, 0.7, 0.7, 0.7]",0
61,704.1630762811277,718.2795229533833,704.1603195568317,"[0.0, 0.0]","[221.0, 0.0]",78.9,9.25,994.0,114.0,"[1043.2818754046853, 313.4014751456866]","[327.28187540468525, 231.40147514568662]",8,8,1,1,0.9155,"[21, 17]",2,"[0.7, 0.7]","[0.7, 0.7, 0.7, 0.7]",0
62,905.0719795140983,919.2250556200781,905.0684784153102,"[0.0, 0.0]","[221.0, 0.0]",78.9,9.25,994.0,114.0,"[1043.2818754046853, 313.4014751456866]","[327.28187540468525, 231.40147514568662]",8,8,1,1,0.8351,"[21, 17]",2,"[0.7, 0.7]","[0.7, 0.7, 0.7, 0.7]",0
63,868.480264685897,882.6315538522747,868.4754570812436,"[0.0, 0.0]","[221.0, 0.0]",78.9,9.25,994.0,114.0,"[1043.2818754046853, 313.4014751456866]","[327.28187540468525, 231.40147514568662]",8,8,1,1,0.8497,"[21, 17]",2,"[0.7, 0.7]","[0.7, 0.7, 0.7, 0.7]",0
64,828.9051838885885,843.054574263728,828.9021490409039,"[0.0, 0.0]","[221.0, 0.0]",78.9,9.25,994.0,114.0,"[1043.2818754046853, 313.4014751456866]","[327.28187540468525, 231.40147514568662]",8,8,1,1,0.8655,"[21, 17]",2,"[0.7, 0.7]","[0.7, 0.7, 0.7, 0.7]",0
65,547.3467256323153,561.0604761158363,547.3458156309846,"[0.0, 0.0]","[221.0, 0.0]",78.9,9.25,994.0,114.0,"[1043.2818754046853, 313.4014751456866]","[327.28187540468525, 231.40147514568662]",8,8,1,1,0.9851,"[21, 17]",2,"[0.7, 0.7]","[0.7, 0.7, 0.7, 0.7]",0
66,147.63687738333107,161.23015488968946,147.6368813194064,"[0.0, 0.0]","[221.0, 0.0]",78.9,9.25,994.0,114.0,"[1043.2818754046853, 313.4014751456866]","[327.28187540468525, 231.40147514568662]",8,8,1,1,1.1759,"[21, 17]",2,"[0.7, 0.7]","[0.7, 0.7, 0.7, 0.7]",0
67,282.1388599119631,295.73388362754457,282.1389106555347,"[0.0, 0.0]","[221.0, 0.0]",78.9,9.25,994.0,114.0,"[1043.2818754046853, 313.4014751456866]","[327.28187540468525, 231.40147514568662]",8,8,1,1,1.1114,"[21, 17]",2,"[0.7, 0.7]","[0.7, 0.7, 0.7, 0.7]",0
68,513.4548951685001,527.1254392694223,513.4550141372263,"[0.0, 0.0]","[221.0, 0.0]",78.9,9.25,994.0,114.0,"[1043.2818754046853, 313.4014751456866]","[327.28187540468525, 231.40147514568662]",8,8,1,1,1.0009,"[21, 17]",2,"[0.7, 0.7]","[0.7, 0.7, 0.7, 0.7]",0
69,651.5038222624112,665.4409928945494,651.5038844987515,"[0.0, 0.0]","[221.0, 0.0]",78.9,9.25,994.0,114.0,"[1043.2818754046853, 313.4014751456866]","[327.28187540468525, 231.40147514568662]",8,8,1,1,0.937,"[21, 17]",2,"[0.7, 0.7]","[0.7, 0.7, 0.7, 0.7]",0
70,890.5328411070732,904.6850404021569,890.5282669103043,"[0.0, 0.0]","[221.0, 0.0]",78.9,9.25,994.0,114.0,"[1043.2818754046853, 313.4014751456866]","[327.28187540468525, 231.40147514568662]",8,8,1,1,0.8409,"[21, 17]",2,"[0.7, 0.7]","[0.7, 0.7, 0.7, 0.7]",0
71,557.685240197114,571.410689510703,557.6851921143831,"[0.0, 0.0]","[221.0, 0.0]",78.9,9.25,994.0,114.0,"[1043.2818754046853, 313.4014751456866]","[327.28187540468525, 231.40147514568662]",8,8,1,1,0.9803,"[21, 17]",2,"[0.7, 0.7]","[0.7, 0.7, 0.7, 0.7]",0
72,787.1315432556094,801.2739557671961,787.1287825892182,"[0.0, 0.0]","[221.0, 0.0]",78.9,9.25,994.0,114.0,"[1043.2818754046853, 313.4014751456866]","[327.28187540468525, 231.40147514568662]",8,8,1,1,0.8822,"[21, 17]",2,"[0.7, 0.7]","[0.7, 0.7, 0.7, 0.7]",0
73,960.2577797983228,974.4142624101698,960.2543370248812,"[0.0, 0.0]","[221.0, 0.0]",78.9,9.25,994.0,114.0,"[1043.2818754046853, 313.4014751456866]","[327.28187540468525, 231.40147514568662]",8,8,1,1,0.8131,"[21, 17]",2,"[0.7, 0.7]","[0.7, 0.7, 0.7, 0.7]",0
74,502.4368952524733,516.0726196460589,502.4380137598214,"[0.0, 0.0]","[221.0, 0.0]",78.9,9.25,994.0,114.0,"[1043.2818754046853, 313.4014751456866]","[327.28187540468525, 231.40147514568662]",8,8,1,1,1.0061,"[21, 17]",2,"[0.7, 0.7]","[0.7, 0.7, 0.7, 0.7]",0
75,645.3276883292883,659.0918355578419,645.3273012746931,"[0.0, 0.0]","[221.0, 0.0]",78.9,9.25,994.0,114.0,"[1043.2818754046853, 313.4014751456866]","[327.28187540468525, 231.40147514568662]",8,8,1,1,0.9398,"[21, 17]",2,"[0.7, 0.7]","[0.7, 0.7, 0.7, 0.7]",0
76,517.9306509746725,531.6176078961371,517.9304990171079,"[0.0, 0.0]","[221.0, 0.0]",78.9,9.25,994.0,114.0,"[1043.2818754046853, 313.4014751456866]","[327.28187540468525, 231.40147514568662]",8,8,1,1,0.9988,"[21, 17]",2,"[0.7, 0.7]","[0.7, 0.7, 0.7, 0.7]",0
77,770.6497369455659,784.7901257898163,770.6472327941872,"[0.0, 0.0]","[221.0, 0.0]",78.9,9.25,994.0,114.0,"[1043.2818754046853, 313.4014751456866]","[327.28187540468525, 231.40147514568662]",8,8,1,1,0.8888,"[21, 17]",2,"[0.7, 0.7]","[0.7, 0.7, 0.7, 0.7]",0
78,428.59955853394183,442.1979552933069,428.599559108321,"[0.0, 0.0]","[221.0, 0.0]",78.9,9.25,994.0,114.0,"[1043.2818754046853, 313.4014751456866]","[327.28187540468525, 231.40147514568662]",8,8,1,1,1.0413,"[21, 17]",2,"[0.7, 0.7]","[0.7, 0.7, 0.7, 0.7]",0
79,869.9824194920882,884.134693912532,869.9784076392266,"[0.0, 0.0]","[221.0, 0.0]",78.9,9.25,994.0,114.0,"[1043.2818754046853, 313.4014751456866]","[327.28187540468525, 231.40147514568662]",8,8,1,1,0.8491,"[21, 17]",2,"[0.7, 0.7]","[0.7, 0.7, 0.7, 0.7]",0
80,471.531711581709,485.1342581551356,471.53084802448694,"[0.0, 0.0]","[221.0, 0.0]",78.9,9.25,994.0,114.0,"[1043.2818754046853, 313.4014751456866]","[327.28187540468525, 231.40147514568662]",8,8,1,1,1.0208,"[21, 17]",2,"[0.7, 0.7]","[0.7, 0.7, 0.7, 0.7]",0
81,970.550424212357,984.7060337622584,970.5467769454449,"[0.0, 0.0]","[221.0, 0.0]",78.9,9.25,994.0,114.0,"[1043.2818754046853, 313.4014751456866]","[327.28187540468525, 231.40147514568662]",8,8,1,1,0.809,"[21, 17]",2,"[0.7, 0.7]","[0.7, 0.7, 0.7, 0.7]",0
82,168.8911184364717,182.4855149162138,168.89091041027686,"[0.0, 0.0]","[221.0, 0.0]",78.9,9.25,994.0,114.0,"[1043.2818754046853, 313.4014751456866]","[327.28187540468525, 231.40147514568662]",8,8,1,1,1.1657,"[21, 17]",2,"[0.7, 0.7]","[0.7, 0.7, 0.7, 0.7]",0
83,202.4525142604015,216.0462180172675,202.45123372194954,"[0.0, 0.0]","[221.0, 0.0]",78.9,9.25,994.0,114.0,"[1043.2818754046853, 313.4014751456866]","[327.28187540468525, 231.40147514568662]",8,8,1,1,1.1496,"[21, 17]",2,"[0.7, 0.7]","[0.7, 0.7, 0.7, 0.7]",0
84,910.0866515138341,924.2408031638782,910.0845922144705,"[0.0, 0.0]","[221.0, 0.0]",78.9,9.25,994.0,114.0,"[1043.2818754046853, 313.4014751456866]","[327.28187540468525, 231.40147514568662]",8,8,1,1,0.8331,"[21, 17]",2,"[0.7, 0.7]","[0.7, 0.7, 0.7, 0.7]",0
85,135.76231816720315,149.35608778186855,135.76273742886215,"[0.0, 0.0]","[221.0, 0.0]",78.9,9.25,994.0,114.0,"[1043.2818754046853, 313.4014751456866]","[327.28187540468525, 231.40147514568662]",8,8,1,1,1.1816,"[21, 17]",2,"[0.7, 0.7]","[0.7, 0.7, 0.7, 0.7]",0
86,886.2712049696983,900.4234512554908,886.2680446010954,"[0.0, 0.0]","[221.0, 0.0]",78.9,9.25,994.0,114.0,"[1043.2818754046853, 313.4014751456866]","[327.28187540468525, 231.40147514568662]",8,8,1,1,0.8426,"[21, 17]",2,"[0.7, 0.7]","[0.7, 0.7, 0.7, 0.7]",0
87,439.4799558945414,453.07847819068496,439.48002529494823,"[0.0, 0.0]","[221.0, 0.0]",78.9,9.25,994.0,114.0,"[1043.2818754046853, 313.4014751456866]","[327.28187540468525, 231.40147514568662]",8,8,1,1,1.0361,"[21, 17]",2,"[0.7, 0.7]","[0.7, 0.7, 0.7, 0.7]",0
88,258.7664792920068,272.3609422995347,258.7663601587859,"[0.0, 0.0]","[221.0, 0.0]",78.9,9.25,994.0,114.0,"[1043.2818754046853, 313.4014751456866]","[327.28187540468525, 231.40147514568662]",8,8,1,1,1.1226,"[21, 17]",2,"[0.7, 0.7]","[0.7, 0.7, 0.7, 0.7]",0
89,98.06770174026946,111.65990922630397,98.06681764045658,"[0.0, 0.0]","[221.0, 0.0]",78.9,9.25,994.0,114.0,"[1043.2818754046853, 313.4014751456866]","[327.28187540468525, 231.40147514568662]",8,8,1,1,1.1997,"[21, 17]",2,"[0.7, 0.7]","[0.7, 0.7, 0.7, 0.7]",0
90,239.9902225871218,253.58439579785946,239.99023668412505,"[0.0, 0.0]","[221.0, 0.0]",78.9,9.25,994.0,114.0,"[1043.2818754046853, 313.4014751456866]","[327.28187540468525, 231.40147514568662]",8,8,1,1,1.1316,"[21, 17]",2,"[0.7, 0.7]","[0.7, 0.7, 0.7, 0.7]",0
91,271.9125615985413,285.5075266083466,271.9124958702977,"[0.0, 0.0]","[221.0, 0.0]",78.9,9.25,994.0,114.0,"[1043.2818754046853, 313.4014751456866]","[327.28187540468525, 231.40147514568662]",8,8,1,1,1.1163,"[21, 17]",2,"[0.7, 0.7]","[0.7, 0.7, 0.7, 0.7]",0
92,922.8768490152361,937.0303802462674,922.8723550090426,"[0.0, 0.0]","[221.0, 0.0]",78.9,9.25,994.0,114.0,"[1043.2818754046853, 313.4014751456866]","[327.28187540468525, 231.40147514568662]",8,8,1,1,0.828,"[21, 17]",2,"[0.7, 0.7]","[0.7, 0.7, 0.7, 0.7]",0
93,989.8802611185632,1004.0389858302592,989.8768076581196,"[0.0, 0.0]","[221.0, 0.0]",78.9,9.25,994.0,114.0,"[1043.2818754046853, 313.4014751456866]","[327.28187540468525, 231.40147514568662]",8,8,1,1,0.8013,"[21, 17]",2,"[0.7, 0.7]","[0.7, 0.7, 0.7, 0.7]",0
94,364.62716631852254,378.2230843315747,364.62636620680337,"[0.0, 0.0]","[221.0, 0.0]",78.9,9.25,994.0,114.0,"[1043.2818754046853, 313.4014751456866]","[327.28187540468525, 231.40147514568662]",8,8,1,1,1.0719,"[21, 17]",2,"[0.7, 0.7]","[0.7, 0.7, 0.7, 0.7]",0
95,927.8919846680848,942.0468284172684,927.8885655091914,"[0.0, 0.0]","[221.0, 0.0]",78.9,9.25,994.0,114.0,"[1043.2818754046853, 313.4014751456866]","[327.28187540468525, 231.40147514568662]",8,8,1,1,0.826,"[21, 17]",2,"[0.7, 0.7]","[0.7, 0.7, 0.7, 0.7]",0
96,123.26479524798874,136.8577454369118,123.26493192322556,"[0.0, 0.0]","[221.0, 0.0]",78.9,9.25,994.0,114.0,"[1043.2818754046853, 313.4014751456866]","[327.28187540468525, 231.40147514568662]",8,8,1,1,1.1876,"[21, 17]",2,"[0.7, 0.7]","[0.7, 0.7, 0.7, 0.7]",0
97,484.12812499631866,497.7332344482862,484.1273925320615,"[0.0, 0.0]","[221.0, 0.0]",78.9,9.25,994.0,114.0,"[1043.2818754046853, 313.4014751456866]","[327.28187540468525, 231.40147514568662]",8,8,1,1,1.0148,"[21, 17]",2,"[0.7, 0.7]","[0.7, 0.7, 0.7, 0.7]",0
98,385.10667024224495,398.70289834555456,385.10627523368294,"[0.0, 0.0]","[221.0, 0.0]",78.9,9.25,994.0,114.0,"[1043.2818754046853, 313.4014751456866]","[327.28187540468525, 231.40147514568662]",8,8,1,1,1.0621,"[21, 17]",2,"[0.7, 0.7]","[0.7, 0.7, 0.7, 0.7]",0
99,185.3575389124979,198.9513950279986,185.356503185427,"[0.0, 0.0]","[221.0, 0.0]",78.9,9.25,994.0,114.0,"[1043.2818754046853, 313.4014751456866]","[327.28187540468525, 231.40147514568662]",8,8,1,1,1.1578,"[21, 17]",2,"[0.7, 0.7]","[0.7, 0.7, 0.7, 0.7]",0
100,207.24814904528748,220.84123842958442,207.2483860613314,"[0.0, 0.0]","[221.0, 0.0]",78.9,9.25,994.0,114.0,"[1043.2818754046853, 313.4014751456866]","[327.28187540468525, 231.40147514568662]",8,8,1,1,1.1473,"[21, 17]",2,"[0.7, 0.7]","[0.7, 0.7, 0.7, 0.7]",0
101,544.9803969341192,558.692332395153,544.9803577809253,"[0.0, 0.0]","[221.0, 0.0]",78.9,9.25,994.0,114.0,"[1043.2818754046853, 313.4014751456866]","[327.28187540468525, 231.40147514568662]",8,8,1,1,0.9862,"[21, 17]",2,"[0.7, 0.7]","[0.7, 0.7, 0.7, 0.7]",0
102,705.9004117278782,720.0174780247803,705.8972228333665,"[0.0, 0.0]","[221.0, 0.0]",78.9,9.25,994.0,114.0,"[1043.2818754046853, 313.4014751456866]","[327.28187540468525, 231.40147514568662]",8,8,1,1,0.9148,"[21, 17]",2,"[0.7, 0.7]","[0.7, 0.7, 0.7, 0.7]",0
103,573.6463881413933,587.380039061537,573.646132108241,"[0.0, 0.0]","[221.0, 0.0]",78.9,9.25,994.0,114.0,"[1043.2818754046853, 313.4014751456866]","[327.28187540468525, 231.40147514568662]",8,8,1,1,0.9729,"[21, 17]",2,"[0.7, 0.7]","[0.7, 0.7, 0.7, 0.7]",0
104,648.3723386531817,662.1967825269187,648.3700213621678,"[0.0, 0.0]","[221.0, 0.0]",78.9,9.25,994.0,114.0,"[1043.2818754046853, 313.4014751456866]","[327.28187540468525, 231.40147514568662]",8,8,1,1,0.9384,"[21, 17]",2,"[0.7, 0.7]","[0.7, 0.7, 0.7, 0.7]",0
105,626.0065904605642,639.7618669583054,626.0059552367843,"[0.0, 0.0]","[221.0, 0.0]",78.9,9.25,994.0,114.0,"[1043.2818754046853, 313.4014751456866]","[327.28187540468525, 231.40147514568662]",8,8,1,1,0.9487,"[21, 17]",2,"[0.7, 0.7]","[0.7, 0.7, 0.7, 0.7]",0
106,771.8982949965338,786.0379651858826,771.895232178392,"[0.0, 0.0]","[221.0, 0.0]",78.9,9.25,994.0,114.0,"[1043.2818754046853, 313.4014751456866]","[327.28187540468525, 231.40147514568662]",8,8,1,1,0.8883,"[21, 17]",2,"[0.7, 0.7]","[0.7, 0.7, 0.7, 0.7]",0
107,297.5853943042071,311.1805410013068,297.5853786170935,"[0.0, 0.0]","[221.0, 0.0]",78.9,9.25,994.0,114.0,"[1043.2818754046853, 313.4014751456866]","[327.28187540468525, 231.40147514568662]",8,8,1,1,1.104,"[21, 17]",2,"[0.7, 0.7]","[0.7, 0.7, 0.7, 0.7]",0
108,123.88962805811086,137.48258728595053,123.88976569247768,"[0.0, 0.0]","[221.0, 0.0]",78.9,9.25,994.0,114.0,"[1043.2818754046853, 313.4014751456866]","[327.28187540468525, 231.40147514568662]",8,8,1,1,1.1873,"[21, 17]",2,"[0.7, 0.7]","[0.7, 0.7, 0.7, 0.7]",0
109,807.1322464029811,821.2781606232371,807.1296983911775,"[0.0, 0.0]","[221.0, 0.0]",78.9,9.25,994.0,114.0,"[1043.2818754046853, 313.4014751456866]","[327.28187540468525, 231.40147514568662]",8,8,1,1,0.8742,"[21, 17]",2,"[0.7, 0.7]","[0.7, 0.7, 0.7, 0.7]",0
110,843.1750565305535,857.3283697024756,843.1751614339432,"[0.0, 0.0]","[221.0, 0.0]",78.9,9.25,994.0,114.0,"[1043.2818754046853, 313.4014751456866]","[327.28187540468525, 231.40147514568662]",8,8,1,1,0.8598,"[21, 17]",2,"[0.7, 0.7]","[0.7, 0.7, 0.7, 0.7]",0
111,887.7749046291581,901.9273309946768,887.7723287055476,"[0.0, 0.0]","[221.0, 0.0]",78.9,9.25,994.0,114.0,"[1043.2818754046853, 313.4014751456866]","[327.28187540468525, 231.40147514568662]",8,8,1,1,0.842,"[21, 17]",2,"[0.7, 0.7]","[0.7, 0.7, 0.7, 0.7]",0
112,905.0719795140983,919.2250556200781,905.0684784153102,"[0.0, 0.0]","[221.0, 0.0]",78.9,9.25,994.0,114.0,"[1043.2818754046853, 313.4014751456866]","[327.28187540468525, 231.40147514568662]",8,8,1,1,0.8351,"[21, 17]",2,"[0.7, 0.7]","[0.7, 0.7, 0.7, 0.7]",0
113,868.480264685897,882.6315538522747,868.4754570812436,"[0.0, 0.0]","[221.0, 0.0]",78.9,9.25,994.0,114.0,"[1043.2818754046853, 313.4014751456866]","[327.28187540468525, 231.40147514568662]",8,8,1,1,0.8497,"[21, 17]",2,"[0.7, 0.7]","[0.7, 0.7, 0.7, 0.7]",0
114,433.41315832264894,447.01008182015516,433.41316968970284,"[0.0, 0.0]","[221.0, 0.0]",78.9,9.25,994.0,114.0,"[1043.2818754046853, 313.4014751456866]","[327.28187540468525, 231.40147514568662]",8,8,1,1,1.039,"[21, 17]",2,"[0.7, 0.7]","[0.7, 0.7, 0.7, 0.7]",0
115,664.3803054044495,678.456462021781,664.3802285697586,"[0.0, 0.0]","[221.0, 0.0]",78.9,9.25,994.0,114.0,"[1043.2818754046853, 313.4014751456866]","[327.28187540468525, 231.40147514568662]",8,8,1,1,0.9316,"[21, 17]",2,"[0.7, 0.7]","[0.7, 0.7, 0.7, 0.7]",0
116,521.1371259815967,534.8339257204702,521.1370639629465,"[0.0, 0.0]","[221.0, 0.0]",78.9,9.25,994.0,114.0,"[1043.2818754046853, 313.4014751456866]","[327.28187540468525, 231.40147514568662]",8,8,1,1,0.9973,"[21, 17]",2,"[0.7, 0.7]","[0.7, 0.7, 0.7, 0.7]",0
117,511.3295411347984,524.9924405858313,511.3304318929423,"[0.0, 0.0]","[221.0, 0.0]",78.9,9.25,994.0,114.0,"[1043.2818754046853, 313.4014751456866]","[327.28187540468525, 231.40147514568662]",8,8,1,1,1.0019,"[21, 17]",2,"[0.7, 0.7]","[0.7, 0.7, 0.7, 0.7]",0
118,615.6014523978192,629.3511313688272,615.6009876768884,"[0.0, 0.0]","[221.0, 0.0]",78.9,9.25,994.0,114.0,"[1043.2818754046853, 313.4014751456866]","[327.28187540468525, 231.40147514568662]",8,8,1,1,0.9535,"[21, 17]",2,"[0.7, 0.7]","[0.7, 0.7, 0.7, 0.7]",0
119,521.992752525586,535.6933656142896,521.9933215329404,"[0.0, 0.0]","[221.0, 0.0]",78.9,9.25,994.0,114.0,"[1043.2818754046853, 313.4014751456866]","[327.28187540468525, 231.40147514568662]",8,8,1,1,0.9969,"[21, 17]",2,"[0.7, 0.7]","[0.7, 0.7, 0.7, 0.7]",0
120,440.94481987526336,454.5433472387234,440.9449310697325,"[0.0, 0.0]","[221.0, 0.0]",78.9,9.25,994.0,114.0,"[1043.2818754046853, 313.4014751456866]","[327.28187540468525, 231.40147514568662]",8,8,1,1,1.0354,"[21, 17]",2,"[0.7, 0.7]","[0.7, 0.7, 0.7, 0.7]",0
121,558.7633032395564,572.4892530878492,558.7632562457773,"[0.0, 0.0]","[221.0, 0.0]",78.9,9.25,994.0,114.0,"[1043.2818754046853, 313.4014751456866]","[327.28187540468525, 231.40147514568662]",8,8,1,1,0.9798,"[21, 17]",2,"[0.7, 0.7]","[0.7, 0.7, 0.7, 0.7]",0
122,210.58427313330867,224.17755852686983,210.5846106672529,"[0.0, 0.0]","[221.0, 0.0]",78.9,9.25,994.0,114.0,"[1043.2818754046853, 313.4014751456866]","[327.28187540468525, 231.40147514568662]",8,8,1,1,1.1457,"[21, 17]",2,"[0.7, 0.7]","[0.7, 0.7, 0.7, 0.7]",0
123,889.5303117629652,903.6826857786397,889.5267482779641,"[0.0, 0.0]","[221.0, 0.0]",78.9,9.25,994.0,114.0,"[1043.2818754046853, 313.4014751456866]","[327.28187540468525, 231.40147514568662]",8,8,1,1,0.8413,"[21, 17]",2,"[0.7, 0.7]","[0.7, 0.7, 0.7, 0.7]",0
124,375.4935212936492,389.08917900664574,375.4924478454715,"[0.0, 0.0]","[221.0, 0.0]",78.9,9.25,994.0,114.0,"[1043.2818754046853, 313.4014751456866]","[327.28187540468525, 231.40147514568662]",8,8,1,1,1.0667,"[21, 17]",2,"[0.7, 0.7]","[0.7, 0.7, 0.7, 0.7]",0
125,207.24814904528748,220.84123842958442,207.2483860613314,"[0.0, 0.0]","[221.0, 0.0]",78.9,9.25,994.0,114.0,"[1043.2818754046853, 313.4014751456866]","[327.28187540468525, 231.40147514568662]",8,8,1,1,1.1473,"[21, 17]",2,"[0.7, 0.7]","[0.7, 0.7, 0.7, 0.7]",0
126,154.9294011711288,168.5228212644456,154.92960491772732,"[0.0, 0.0]","[221.0, 0.0]",78.9,9.25,994.0,114.0,"[1043.2818754046853, 313.4014751456866]","[327.28187540468525, 231.40147514568662]",8,8,1,1,1.1724,"[21, 17]",2,"[0.7, 0.7]","[0.7, 0.7, 0.7, 0.7]",0
127,103.06476346478809,116.65742570961052,103.06472161014995,"[0.0, 0.0]","[221.0, 0.0]",78.9,9.25,994.0,114.0,"[1043.2818754046853, 313.4014751456866]","[327.28187540468525, 231.40147514568662]",8,8,1,1,1.1973,"[21, 17]",2,"[0.7, 0.7]","[0.7, 0.7, 0.7, 0.7]",0
128,249.37784231454515,262.971926285434,249.37882606165493,"[0.0, 0.0]","[221.0, 0.0]",78.9,9.25,994.0,114.0,"[1043.2818754046853, 313.4014751456866]","[327.28187540468525, 231.40147514568662]",8,8,1,1,1.1271,"[21, 17]",2,"[0.7, 0.7]","[0.7, 0.7, 0.7, 0.7]",0
129,765.4073051037404,779.5458180904516,765.4055315607376,"[0.0, 0.0]","[221.0, 0.0]",78.9,9.25,994.0,114.0,"[1043.2818754046853, 313.4014751456866]","[327.28187540468525, 231.40147514568662]",8,8,1,1,0.8909,"[21, 17]",2,"[0.7, 0.7]","[0.7, 0.7, 0.7, 0.7]",0
130,652.6578759800439,666.6175157022263,652.6577042147945,"[0.0, 0.0]","[221.0, 0.0]",78.9,9.25,994.0,114.0,"[1043.2818754046853, 313.4014751456866]","[327.28187540468525, 231.40147514568662]",8,8,1,1,0.9365,"[21, 17]",2,"[0.7, 0.7]","[0.7, 0.7, 0.7, 0.7]",0
131,245.4140093037202,259.00814250129366,245.41398890542416,"[0.0, 0.0]","[221.0, 0.0]",78.9,9.25,994.0,114.0,"[1043.2818754046853, 313.4014751456866]","[327.28187540468525, 231.40147514568662]",8,8,1,1,1.129,"[21, 17]",2,"[0.7, 0.7]","[0.7, 0.7, 0.7, 0.7]",0
132,495.90019418101446,509.5195984121598,495.90130865073445,"[0.0, 0.0]","[221.0, 0.0]",78.9,9.25,994.0,114.0,"[1043.2818754046853, 313.4014751456866]","[327.28187540468525, 231.40147514568662]",8,8,1,1,1.0092,"[21, 17]",2,"[0.7, 0.7]","[0.7, 0.7, 0.7, 0.7]",0
133,811.3861952333016,825.532156441337,811.3828406762534,"[0.0, 0.0]","[221.0, 0.0]",78.9,9.25,994.0,114.0,"[1043.2818754046853, 313.4014751456866]","[327.28187540468525, 231.40147514568662]",8,8,1,1,0.8725,"[21, 17]",2,"[0.7, 0.7]","[0.7, 0.7, 0.7, 0.7]",0
134,473.00046295666516,486.6032389069833,472.9995537206282,"[0.0, 0.0]","[221.0, 0.0]",78.9,9.25,994.0,114.0,"[1043.2818754046853, 313.4014751456866]","[327.28187540468525, 231.40147514568662]",8,8,1,1,1.0201,"[21, 17]",2,"[0.7, 0.7]","[0.7, 0.7, 0.7, 0.7]",0
135,231.02104148724828,244.61504510946767,231.02098767888396,"[0.0, 0.0]","[221.0, 0.0]",78.9,9.25,994.0,114.0,"[1043.2818754046853, 313.4014751456866]","[327.28187540468525, 231.40147514568662]",8,8,1,1,1.1359,"[21, 17]",2,"[0.7, 0.7]","[0.7, 0.7, 0.7, 0.7]",0
136,580.7713381305871,594.5070937278856,580.7713241594375,"[0.0, 0.0]","[221.0, 0.0]",78.9,9.25,994.0,114.0,"[1043.2818754046853, 313.4014751456866]","[327.28187540468525, 231.40147514568662]",8,8,1,1,0.9696,"[21, 17]",2,"[0.7, 0.7]","[0.7, 0.7, 0.7, 0.7]",0
137,435.92276395138896,449.5210161923777,435.9227603316202,"[0.0, 0.0]","[221.0, 0.0]",78.9,9.25,994.0,114.0,"[1043.2818754046853, 313.4014751456866]","[327.28187540468525, 231.40147514568662]",8,8,1,1,1.0378,"[21, 17]",2,"[0.7, 0.7]","[0.7, 0.7, 0.7, 0.7]",0
138,248.543341457697,262.1374290882423,248.54433213718409,"[0.0, 0.0]","[221.0, 0.0]",78.9,9.25,994.0,114.0,"[1043.2818754046853, 313.4014751456866]","[327.28187540468525, 231.40147514568662]",8,8,1,1,1.1275,"[21, 17]",2,"[0.7, 0.7]","[0.7, 0.7, 0.7, 0.7]",0
139,416.8874611125835,430.48340224562133,416.88748769283796,"[0.0, 0.0]","[221.0, 0.0]",78.9,9.25,994.0,114.0,"[1043.2818754046853, 313.4014751456866]","[327.28187540468525, 231.40147514568662]",8,8,1,1,1.0469,"[21, 17]",2,"[0.7, 0.7]","[0.7, 0.7, 0.7, 0.7]",0
140,379.672818775923,393.2689085979679,379.67223021778614,"[0.0, 0.0]","[221.0, 0.0]",78.9,9.25,994.0,114.0,"[1043.2818754046853, 313.4014751456866]","[327.28187540468525, 231.40147514568662]",8,8,1,1,1.0647,"[21, 17]",2,"[0.7, 0.7]","[0.7, 0.7, 0.7, 0.7]",0
141,558.1164637158156,571.8420512581473,558.1164109465169,"[0.0, 0.0]","[221.0, 0.0]",78.9,9.25,994.0,114.0,"[1043.2818754046853, 313.4014751456866]","[327.28187540468525, 231.40147514568662]",8,8,1,1,0.9801,"[21, 17]",2,"[0.7, 0.7]","[0.7, 0.7, 0.7, 0.7]",0
142,481.6075544628913,495.21219688623324,481.60674257352264,"[0.0, 0.0]","[221.0, 0.0]",78.9,9.25,994.0,114.0,"[1043.2818754046853, 313.4014751456866]","[327.28187540468525, 231.40147514568662]",8,8,1,1,1.016,"[21, 17]",2,"[0.7, 0.7]","[0.7, 0.7, 0.7, 0.7]",0
143,689.7803432939296,703.8926457015142,689.7776445677879,"[0.0, 0.0]","[221.0, 0.0]",78.9,9.25,994.0,114.0,"[1043.2818754046853, 313.4014751456866]","[327.28187540468525, 231.40147514568662]",8,8,1,1,0.9213,"[21, 17]",2,"[0.7, 0.7]","[0.7, 0.7, 0.7, 0.7]",0
144,517.9306509746725,531.6176078961371,517.9304990171079,"[0.0, 0.0]","[221.0, 0.0]",78.9,9.25,994.0,114.0,"[1043.2818754046853, 313.4014751456866]","[327.28187540468525, 231.40147514568662]",8,8,1,1,0.9988,"[21, 17]",2,"[0.7, 0.7]","[0.7, 0.7, 0.7, 0.7]",0
145,688.2939920047683,702.4070187161158,688.2926315151957,"[0.0, 0.0]","[221.0, 0.0]",78.9,9.25,994.0,114.0,"[1043.2818754046853, 313.4014751456866]","[327.28187540468525, 231.40147514568662]",8,8,1,1,0.9219,"[21, 17]",2,"[0.7, 0.7]","[0.7, 0.7, 0.7, 0.7]",0
146,161.80590507066887,175.39920911425318,161.80573929936793,"[0.0, 0.0]","[221.0, 0.0]",78.9,9.25,994.0,114.0,"[1043.2818754046853, 313.4014751456866]","[327.28187540468525, 231.40147514568662]",8,8,1,1,1.1691,"[21, 17]",2,"[0.7, 0.7]","[0.7, 0.7, 0.7, 0.7]",0
147,760.1677875838748,774.3046039148613,760.1642458054179,"[0.0, 0.0]","[221.0, 0.0]",78.9,9.25,994.0,114.0,"[1043.2818754046853, 313.4014751456866]","[327.28187540468525, 231.40147514568662]",8,8,1,1,0.893,"[21, 17]",2,"[0.7, 0.7]","[0.7, 0.7, 0.7, 0.7]",0
148,840.6702728260182,854.8238588760737,840.67027387725,"[0.0, 0.0]","[221.0, 0.0]",78.9,9.25,994.0,114.0,"[1043.2818754046853, 313.4014751456866]","[327.28187540468525, 231.40147514568662]",8,8,1,1,0.8608,"[21, 17]",2,"[0.7, 0.7]","[0.7, 0.7, 0.7, 0.7]",0
149,871.2353110381265,885.3878441655054,871.2311675867944,"[0.0, 0.0]","[221.0, 0.0]",78.9,9.25,994.0,114.0,"[1043.2818754046853, 313.4014751456866]","[327.28187540468525, 231.40147514568662]",8,8,1,1,0.8486,"[21, 17]",2,"[0.7, 0.7]","[0.7, 0.7, 0.7, 0.7]",0
150,384.68866736944756,398.2848707375802,384.6882517345149,"[0.0, 0.0]","[221.0, 0.0]",78.9,9.25,994.0,114.0,"[1043.2818754046853, 313.4014751456866]","[327.28187540468525, 231.40147514568662]",8,8,1,1,1.0623,"[21, 17]",2,"[0.7, 0.7]","[0.7, 0.7, 0.7, 0.7]",0
151,982.0977235820399,996.2538462338758,982.0931396450447,"[0.0, 0.0]","[221.0, 0.0]",78.9,9.25,994.0,114.0,"[1043.2818754046853, 313.4014751456866]","[327.28187540468525, 231.40147514568662]",8,8,1,1,0.8044,"[21, 17]",2,"[0.7, 0.7]","[0.7, 0.7, 0.7, 0.7]",0
152,406.84881416059886,420.44516070236637,406.8477144827664,"[0.0, 0.0]","[221.0, 0.0]",78.9,9.25,994.0,114.0,"[1043.2818754046853, 313.4014751456866]","[327.28187540468525, 231.40147514568662]",8,8,1,1,1.0517,"[21, 17]",2,"[0.7, 0.7]","[0.7, 0.7, 0.7, 0.7]",0
153,535.9524871717251,549.661656495574,535.9528812547412,"[0.0, 0.0]","[221.0, 0.0]",78.9,9.25,994.0,114.0,"[1043.2818754046853, 313.4014751456866]","[327.28187540468525, 231.40147514568662]",8,8,1,1,0.9904,"[21, 17]",2,"[0.7, 0.7]","[0.7, 0.7, 0.7, 0.7]",0
154,713.5965502519759,727.7184805034818,713.5948702507703,"[0.0, 0.0]","[221.0, 0.0]",78.9,9.25,994.0,114.0,"[1043.2818754046853, 313.4014751456866]","[327.28187540468525, 231.40147514568662]",8,8,1,1,0.9117,"[21, 17]",2,"[0.7, 0.7]","[0.7, 0.7, 0.7, 0.7]",0
155,499.6928880540508,513.3216559262065,499.6937807883702,"[0.0, 0.0]","[221.0, 0.0]",78.9,9.25,994.0,114.0,"[1043.2818754046853, 313.4014751456866]","[327.28187540468525, 231.40147514568662]",8,8,1,1,1.0074,"[21, 17]",2,"[0.7, 0.7]","[0.7, 0.7, 0.7, 0.7]",0
156,957.4972235674784,971.6530963997006,957.4938158121612,"[0.0, 0.0]","[221.0, 0.0]",78.9,9.25,994.0,114.0,"[1043.2818754046853, 313.4014751456866]","[327.28187540468525, 231.40147514568662]",8,8,1,1,0.8142,"[21, 17]",2,"[0.7, 0.7]","[0.7, 0.7, 0.7, 0.7]",0
157,238.73864233515718,252.33279280706756,238.73865837231196,"[0.0, 0.0]","[221.0, 0.0]",78.9,9.25,994.0,114.0,"[1043.2818754046853, 313.4014751456866]","[327.28187540468525, 231.40147514568662]",8,8,1,1,1.1322,"[21, 17]",2,"[0.7, 0.7]","[0.7, 0.7, 0.7, 0.7]",0
158,737.2274015475842,751.3602699079761,737.2260110428394,"[0.0, 0.0]","[221.0, 0.0]",78.9,9.25,994.0,114.0,"[1043.2818754046853, 313.4014751456866]","[327.28187540468525, 231.40147514568662]",8,8,1,1,0.9022,"[21, 17]",2,"[0.7, 0.7]","[0.7, 0.7, 0.7, 0.7]",0
159,497.79571759875773,511.4194471390771,497.79704294309494,"[0.0, 0.0]","[221.0, 0.0]",78.9,9.25,994.0,114.0,"[1043.2818754046853, 313.4014751456866]","[327.28187540468525, 231.40147514568662]",8,8,1,1,1.0083,"[21, 17]",2,"[0.7, 0.7]","[0.7, 0.7, 0.7, 0.7]",0
160,871.2353110381265,885.3878441655054,871.2311675867944,"[0.0, 0.0]","[221.0, 0.0]",78.9,9.25,994.0,114.0,"[1043.2818754046853, 313.4014751456866]","[327.28187540468525, 231.40147514568662]",8,8,1,1,0.8486,"[21, 17]",2,"[0.7, 0.7]","[0.7, 0.7, 0.7, 0.7]",0
161,771.6486415994581,785.7888566908196,771.6460564829598,"[0.0, 0.0]","[221.0, 0.0]",78.9,9.25,994.0,114.0,"[1043.2818754046853, 313.4014751456866]","[327.28187540468525, 231.40147514568662]",8,8,1,1,0.8884,"[21, 17]",2,"[0.7, 0.7]","[0.7, 0.7, 0.7, 0.7]",0
162,901.0603059753771,915.2145297140796,901.0570172227755,"[0.0, 0.0]","[221.0, 0.0]",78.9,9.25,994.0,114.0,"[1043.2818754046853, 313.4014751456866]","[327.28187540468525, 231.40147514568662]",8,8,1,1,0.8367,"[21, 17]",2,"[0.7, 0.7]","[0.7, 0.7, 0.7, 0.7]",0
163,400.99403674129474,414.5914351076975,400.99454718470247,"[0.0, 0.0]","[221.0, 0.0]",78.9,9.25,994.0,114.0,"[1043.2818754046853, 313.4014751456866]","[327.28187540468525, 231.40147514568662]",8,8,1,1,1.0545,"[21, 17]",2,"[0.7, 0.7]","[0.7, 0.7, 0.7, 0.7]",0
164,383.22559617068396,396.82180829649803,383.22502047064074,"[0.0, 0.0]","[221.0, 0.0]",78.9,9.25,994.0,114.0,"[1043.2818754046853, 313.4014751456866]","[327.28187540468525, 231.40147514568662]",8,8,1,1,1.063,"[21, 17]",2,"[0.7, 0.7]","[0.7, 0.7, 0.7, 0.7]",0
165,236.86130931886984,250.45543597444384,236.86132769558458,"[0.0, 0.0]","[221.0, 0.0]",78.9,9.25,994.0,114.0,"[1043.2818754046853, 313.4014751456866]","[327.28187540468525, 231.40147514568662]",8,8,1,1,1.1331,"[21, 17]",2,"[0.7, 0.7]","[0.7, 0.7, 0.7, 0.7]",0
166,395.14059862003774,408.73711884306925,395.13965658388844,"[0.0, 0.0]","[221.0, 0.0]",78.9,9.25,994.0,114.0,"[1043.2818754046853, 313.4014751456866]","[327.28187540468525, 231.40147514568662]",8,8,1,1,1.0573,"[21, 17]",2,"[0.7, 0.7]","[0.7, 0.7, 0.7, 0.7]",0
167,506.87749158229684,520.5244975682765,506.87835475431206,"[0.0, 0.0]","[221.0, 0.0]",78.9,9.25,994.0,114.0,"[1043.2818754046853, 313.4014751456866]","[327.28187540468525, 231.40147514568662]",8,8,1,1,1.004,"[21, 17]",2,"[0.7, 0.7]","[0.7, 0.7, 0.7, 0.7]",0
168,516.8628532303471,530.5456529155763,516.8634681128829,"[0.0, 0.0]","[221.0, 0.0]",78.9,9.25,994.0,114.0,"[1043.2818754046853, 313.4014751456866]","[327.28187540468525, 231.40147514568662]",8,8,1,1,0.9993,"[21, 17]",2,"[0.7, 0.7]","[0.7, 0.7, 0.7, 0.7]",0
169,572.1356858503655,585.8686203326436,572.1354376150714,"[0.0, 0.0]","[221.0, 0.0]",78.9,9.25,994.0,114.0,"[1043.2818754046853, 313.4014751456866]","[327.28187540468525, 231.40147514568662]",8,8,1,1,0.9736,"[21, 17]",2,"[0.7, 0.7]","[0.7, 0.7, 0.7, 0.7]",0
170,814.388959178752,828.5372915451062,814.3858504066842,"[0.0, 0.0]","[221.0, 0.0]",78.9,9.25,994.0,114.0,"[1043.2818754046853, 313.4014751456866]","[327.28187540468525, 231.40147514568662]",8,8,1,1,0.8713,"[21, 17]",2,"[0.7, 0.7]","[0.7, 0.7, 0.7, 0.7]",0
171,443.24689009055,456.84499482037904,443.24700048958925,"[0.0, 0.0]","[221.0, 0.0]",78.9,9.25,994.0,114.0,"[1043.2818754046853, 313.4014751456866]","[327.28187540468525, 231.40147514568662]",8,8,1,1,1.0343,"[21, 17]",2,"[0.7, 0.7]","[0.7, 0.7, 0.7, 0.7]",0
172,324.3113889600122,337.90706016836975,324.31108121379634,"[0.0, 0.0]","[221.0, 0.0]",78.9,9.25,994.0,114.0,"[1043.2818754046853, 313.4014751456866]","[327.28187540468525, 231.40147514568662]",8,8,1,1,1.0912,"[21, 17]",2,"[0.7, 0.7]","[0.7, 0.7, 0.7, 0.7]",0
173,710.6160405882653,724.7368110974943,710.6143649113197,"[0.0, 0.0]","[221.0, 0.0]",78.9,9.25,994.0,114.0,"[1043.2818754046853, 313.4014751456866]","[327.28187540468525, 231.40147514568662]",8,8,1,1,0.9129,"[21, 17]",2,"[0.7, 0.7]","[0.7, 0.7, 0.7, 0.7]",0
174,959.5048822465073,973.6627714084937,959.5014322075741,"[0.0, 0.0]","[221.0, 0.0]",78.9,9.25,994.0,114.0,"[1043.2818754046853, 313.4014751456866]","[327.28187540468525, 231.40147514568662]",8,8,1,1,0.8134,"[21, 17]",2,"[0.7, 0.7]","[0.7, 0.7, 0.7, 0.7]",0
175,607.1538120674096,620.9002430116905,607.1541565882115,"[0.0, 0.0]","[221.0, 0.0]",78.9,9.25,994.0,114.0,"[1043.2818754046853, 313.4014751456866]","[327.28187540468525, 231.40147514568662]",8,8,1,1,0.9574,"[21, 17]",2,"[0.7, 0.7]","[0.7, 0.7, 0.7, 0.7]",0
176,141.59513275004178,155.18836381429495,141.5949454114884,"[0.0, 0.0]","[221.0, 0.0]",78.9,9.25,994.0,114.0,"[1043.2818754046853, 313.4014751456866]","[327.28187540468525, 231.40147514568662]",8,8,1,1,1.1788,"[21, 17]",2,"[0.7, 0.7]","[0.7, 0.7, 0.7, 0.7]",0
177,328.6970116011252,342.2928171526275,328.69668019620246,"[0.0, 0.0]","[221.0, 0.0]",78.9,9.25,994.0,114.0,"[1043.2818754046853, 313.4014751456866]","[327.28187540468525, 231.40147514568662]",8,8,1,1,1.0891,"[21, 17]",2,"[0.7, 0.7]","[0.7, 0.7, 0.7, 0.7]",0
178,547.7769667485707,561.4911755312371,547.7759477669301,"[0.0, 0.0]","[221.0, 0.0]",78.9,9.25,994.0,114.0,"[1043.2818754046853, 313.4014751456866]","[327.28187540468525, 231.40147514568662]",8,8,1,1,0.9849,"[21, 17]",2,"[0.7, 0.7]","[0.7, 0.7, 0.7, 0.7]",0
179,827.9035020008931,842.0529439806821,827.9008915301556,"[0.0, 0.0]","[221.0, 0.0]",78.9,9.25,994.0,114.0,"[1043.2818754046853, 313.4014751456866]","[327.28187540468525, 231.40147514568662]",8,8,1,1,0.8659,"[21, 17]",2,"[0.7, 0.7]","[0.7, 0.7, 0.7, 0.7]",0
180,466.4976495422866,480.0992888422865,466.4970487877939,"[0.0, 0.0]","[221.0, 0.0]",78.9,9.25,994.0,114.0,"[1043.2818754046853, 313.4014751456866]","[327.28187540468525, 231.40147514568662]",8,8,1,1,1.0232,"[21, 17]",2,"[0.7, 0.7]","[0.7, 0.7, 0.7, 0.7]",0
181,788.8807803358346,803.0251673282962,788.8778047428483,"[0.0, 0.0]","[221.0, 0.0]",78.9,9.25,994.0,114.0,"[1043.2818754046853, 313.4014751456866]","[327.28187540468525, 231.40147514568662]",8,8,1,1,0.8815,"[21, 17]",2,"[0.7, 0.7]","[0.7, 0.7, 0.7, 0.7]",0
182,351.0461636438784,364.6425456266195,351.04622591329786,"[0.0, 0.0]","[221.0, 0.0]",78.9,9.25,994.0,114.0,"[1043.2818754046853, 313.4014751456866]","[327.28187540468525, 231.40147514568662]",8,8,1,1,1.0784,"[21, 17]",2,"[0.7, 0.7]","[0.7, 0.7, 0.7, 0.7]",0
183,385.94269488587224,399.53895512882684,385.942389554975,"[0.0, 0.0]","[221.0, 0.0]",78.9,9.25,994.0,114.0,"[1043.2818754046853, 313.4014751456866]","[327.28187540468525, 231.40147514568662]",8,8,1,1,1.0617,"[21, 17]",2,"[0.7, 0.7]","[0.7, 0.7, 0.7, 0.7]",0
184,402.2484928874736,415.8455478749634,402.2490363469474,"[0.0, 0.0]","[221.0, 0.0]",78.9,9.25,994.0,114.0,"[1043.2818754046853, 313.4014751456866]","[327.28187540468525, 231.40147514568662]",8,8,1,1,1.0539,"[21, 17]",2,"[0.7, 0.7]","[0.7, 0.7, 0.7, 0.7]",0
185,321.38756575618476,334.9834099587812,321.38750744668175,"[0.0, 0.0]","[221.0, 0.0]",78.9,9.25,994.0,114.0,"[1043.2818754046853, 313.4014751456866]","[327.28187540468525, 231.40147514568662]",8,8,1,1,1.0926,"[21, 17]",2,"[0.7, 0.7]","[0.7, 0.7, 0.7, 0.7]",0
186,520.2809904840976,533.9750822162032,520.2816392204102,"[0.0, 0.0]","[221.0, 0.0]",78.9,9.25,994.0,114.0,"[1043.2818754046853, 313.4014751456866]","[327.28187540468525, 231.40147514568662]",8,8,1,1,0.9977,"[21, 17]",2,"[0.7, 0.7]","[0.7, 0.7, 0.7, 0.7]",0
187,801.3796919127988,815.5256970426605,801.3770119016953,"[0.0, 0.0]","[221.0, 0.0]",78.9,9.25,994.0,114.0,"[1043.2818754046853, 313.4014751456866]","[327.28187540468525, 231.40147514568662]",8,8,1,1,0.8765,"[21, 17]",2,"[0.7, 0.7]","[0.7, 0.7, 0.7, 0.7]",0
188,668.292077889518,682.38307855596,668.2920070764253,"[0.0, 0.0]","[221.0, 0.0]",78.9,9.25,994.0,114.0,"[1043.2818754046853, 313.4014751456866]","[327.28187540468525, 231.40147514568662]",8,8,1,1,0.93,"[21, 17]",2,"[0.7, 0.7]","[0.7, 0.7, 0.7, 0.7]",0
189,635.771311178379,649.5307336097869,635.7698236547711,"[0.0, 0.0]","[221.0, 0.0]",78.9,9.25,994.0,114.0,"[1043.2818754046853, 313.4014751456866]","[327.28187540468525, 231.40147514568662]",8,8,1,1,0.9442,"[21, 17]",2,"[0.7, 0.7]","[0.7, 0.7, 0.7, 0.7]",0
190,372.15054127117094,385.7455755255682,372.1487447014222,"[0.0, 0.0]","[221.0, 0.0]",78.9,9.25,994.0,114.0,"[1043.2818754046853, 313.4014751456866]","[327.28187540468525, 231.40147514568662]",8,8,1,1,1.0683,"[21, 17]",2,"[0.7, 0.7]","[0.7, 0.7, 0.7, 0.7]",0
191,582.9310014988753,596.6680598842213,582.9311016471376,"[0.0, 0.0]","[221.0, 0.0]",78.9,9.25,994.0,114.0,"[1043.2818754046853, 313.4014751456866]","[327.28187540468525, 231.40147514568662]",8,8,1,1,0.9686,"[21, 17]",2,"[0.7, 0.7]","[0.7, 0.7, 0.7, 0.7]",0
192,465.4492102518443,479.0506715158285,465.4485629437394,"[0.0, 0.0]","[221.0, 0.0]",78.9,9.25,994.0,114.0,"[1043.2818754046853, 313.4014751456866]","[327.28187540468525, 231.40147514568662]",8,8,1,1,1.0237,"[21, 17]",2,"[0.7, 0.7]","[0.7, 0.7, 0.7, 0.7]",0
193,691.7620409234568,705.8771840464996,691.7599109307133,"[0.0, 0.0]","[221.0, 0.0]",78.9,9.25,994.0,114.0,"[1043.2818754046853, 313.4014751456866]","[327.28187540468525, 231.40147514568662]",8,8,1,1,0.9205,"[21, 17]",2,"[0.7, 0.7]","[0.7, 0.7, 0.7, 0.7]",0
194,106.60454718523096,120.19730537334078,106.60442837505533,"[0.0, 0.0]","[221.0, 0.0]",78.9,9.25,994.0,114.0,"[1043.2818754046853, 313.4014751456866]","[327.28187540468525, 231.40147514568662]",8,8,1,1,1.1956,"[21, 17]",2,"[0.7, 0.7]","[0.7, 0.7, 0.7, 0.7]",0
195,238.11285810436553,251.7070054009123,238.11287786883696,"[0.0, 0.0]","[221.0, 0.0]",78.9,9.25,994.0,114.0,"[1043.2818754046853, 313.4014751456866]","[327.28187540468525, 231.40147514568662]",8,8,1,1,1.1325,"[21, 17]",2,"[0.7, 0.7]","[0.7, 0.7, 0.7, 0.7]",0
196,285.89591566272827,299.49090804584546,285.8958642377397,"[0.0, 0.0]","[221.0, 0.0]",78.9,9.25,994.0,114.0,"[1043.2818754046853, 313.4014751456866]","[327.28187540468525, 231.40147514568662]",8,8,1,1,1.1096,"[21, 17]",2,"[0.7, 0.7]","[0.7, 0.7, 0.7, 0.7]",0
197,387.6148534842122,401.21112519821656,387.6144638251024,"[0.0, 0.0]","[221.0, 0.0]",78.9,9.25,994.0,114.0,"[1043.2818754046853, 313.4014751456866]","[327.28187540468525, 231.40147514568662]",8,8,1,1,1.0609,"[21, 17]",2,"[0.7, 0.7]","[0.7, 0.7, 0.7, 0.7]",0
198,174.51902605649474,188.1126975601208,174.5192592011902,"[0.0, 0.0]","[221.0, 0.0]",78.9,9.25,994.0,114.0,"[1043.2818754046853, 313.4014751456866]","[327.28187540468525, 231.40147514568662]",8,8,1,1,1.163,"[21, 17]",2,"[0.7, 0.7]","[0.7, 0.7, 0.7, 0.7]",0
199,987.6207523616137,1001.7798198975134,987.6169283574226,"[0.0, 0.0]","[221.0, 0.0]",78.9,9.25,994.0,114.0,"[1043.2818754046853, 313.4014751456866]","[327.28187540468525, 231.40147514568662]",8,8,1,1,0.8022,"[21, 17]",2,"[0.7, 0.7]","[0.7, 0.7, 0.7, 0.7]",0
200,250.21234135921463,263.806620832839,250.21332371456987,"[0.0, 0.0]","[221.0, 0.0]",78.9,9.25,994.0,114.0,"[1043.2818754046853, 313.4014751456866]","[327.28187540468525, 231.40147514568662]",8,8,1,1,1.1267,"[21, 17]",2,"[0.7, 0.7]","[0.7, 0.7, 0.7, 0.7]",0
201,174.51902605649474,188.1126975601208,174.5192592011902,"[0.0, 0.0]","[221.0, 0.0]",78.9,9.25,994.0,114.0,"[1043.2818754046853, 313.4014751456866]","[327.28187540468525, 231.40147514568662]",8,8,1,1,1.163,"[21, 17]",2,"[0.7, 0.7]","[0.7, 0.7, 0.7, 0.7]",0
202,952.4797542504482,966.6357430244936,952.4749362634699,"[0.0, 0.0]","[221.0, 0.0]",78.9,9.25,994.0,114.0,"[1043.2818754046853, 313.4014751456866]","[327.28187540468525, 231.40147514568662]",8,8,1,1,0.8162,"[21, 17]",2,"[0.7, 0.7]","[0.7, 0.7, 0.7, 0.7]",0
203,145.9701375634969,159.5634174930459,145.96994159155165,"[0.0, 0.0]","[221.0, 0.0]",78.9,9.25,994.0,114.0,"[1043.2818754046853, 313.4014751456866]","[327.28187540468525, 231.40147514568662]",8,8,1,1,1.1767,"[21, 17]",2,"[0.7, 0.7]","[0.7, 0.7, 0.7, 0.7]",0
204,178.6874865508061,192.28124767089093,178.6864380216816,"[0.0, 0.0]","[221.0, 0.0]",78.9,9.25,994.0,114.0,"[1043.2818754046853, 313.4014751456866]","[327.28187540468525, 231.40147514568662]",8,8,1,1,1.161,"[21, 17]",2,"[0.7, 0.7]","[0.7, 0.7, 0.7, 0.7]",0
205,465.868571504137,479.4701179115792,465.8679139680127,"[0.0, 0.0]","[221.0, 0.0]",78.9,9.25,994.0,114.0,"[1043.2818754046853, 313.4014751456866]","[327.28187540468525, 231.40147514568662]",8,8,1,1,1.0235,"[21, 17]",2,"[0.7, 0.7]","[0.7, 0.7, 0.7, 0.7]",0
206,439.4799558945414,453.07847819068496,439.48002529494823,"[0.0, 0.0]","[221.0, 0.0]",78.9,9.25,994.0,114.0,"[1043.2818754046853, 313.4014751456866]","[327.28187540468525, 231.40147514568662]",8,8,1,1,1.0361,"[21, 17]",2,"[0.7, 0.7]","[0.7, 0.7, 0.7, 0.7]",0
207,623.6211781309183,637.3753446562393,623.6207019619451,"[0.0, 0.0]","[221.0, 0.0]",78.9,9.25,994.0,114.0,"[1043.2818754046853, 313.4014751456866]","[327.28187540468525, 231.40147514568662]",8,8,1,1,0.9498,"[21, 17]",2,"[0.7, 0.7]","[0.7, 0.7, 0.7, 0.7]",0
208,921.120515037228,935.2748857110065,921.1167778210868,"[0.0, 0.0]","[221.0, 0.0]",78.9,9.25,994.0,114.0,"[1043.2818754046853, 313.4014751456866]","[327.28187540468525, 231.40147514568662]",8,8,1,1,0.8287,"[21, 17]",2,"[0.7, 0.7]","[0.7, 0.7, 0.7, 0.7]",0
209,120.76551766815291,134.35845881401804,120.76552342854262,"[0.0, 0.0]","[221.0, 0.0]",78.9,9.25,994.0,114.0,"[1043.2818754046853, 313.4014751456866]","[327.28187540468525, 231.40147514568662]",8,8,1,1,1.1888,"[21, 17]",2,"[0.7, 0.7]","[0.7, 0.7, 0.7, 0.7]",0
210,551.0014883215268,564.7264341846267,551.0016649223667,"[0.0, 0.0]","[221.0, 0.0]",78.9,9.25,994.0,114.0,"[1043.2818754046853, 313.4014751456866]","[327.28187540468525, 231.40147514568662]",8,8,1,1,0.9834,"[21, 17]",2,"[0.7, 0.7]","[0.7, 0.7, 0.7, 0.7]",0
211,841.1721013070065,855.3248621072527,841.1728337813157,"[0.0, 0.0]","[221.0, 0.0]",78.9,9.25,994.0,114.0,"[1043.2818754046853, 313.4014751456866]","[327.28187540468525, 231.40147514568662]",8,8,1,1,0.8606,"[21, 17]",2,"[0.7, 0.7]","[0.7, 0.7, 0.7, 0.7]",0
212,798.1285613867143,812.2735252938403,798.127231832787,"[0.0, 0.0]","[221.0, 0.0]",78.9,9.25,994.0,114.0,"[1043.2818754046853, 313.4014751456866]","[327.28187540468525, 231.40147514568662]",8,8,1,1,0.8778,"[21, 17]",2,"[0.7, 0.7]","[0.7, 0.7, 0.7, 0.7]",0
213,600.0112199786555,613.7557455268143,600.0108550569792,"[0.0, 0.0]","[221.0, 0.0]",78.9,9.25,994.0,114.0,"[1043.2818754046853, 313.4014751456866]","[327.28187540468525, 231.40147514568662]",8,8,1,1,0.9607,"[21, 17]",2,"[0.7, 0.7]","[0.7, 0.7, 0.7, 0.7]",0
214,764.9077057173893,779.0470591942702,764.9063248128979,"[0.0, 0.0]","[221.0, 0.0]",78.9,9.25,994.0,114.0,"[1043.2818754046853, 313.4014751456866]","[327.28187540468525, 231.40147514568662]",8,8,1,1,0.8911,"[21, 17]",2,"[0.7, 0.7]","[0.7, 0.7, 0.7, 0.7]",0
215,199.9506165506547,213.54430102117286,199.94932255517926,"[0.0, 0.0]","[221.0, 0.0]",78.9,9.25,994.0,114.0,"[1043.2818754046853, 313.4014751456866]","[327.28187540468525, 231.40147514568662]",8,8,1,1,1.1508,"[21, 17]",2,"[0.7, 0.7]","[0.7, 0.7, 0.7, 0.7]",0
216,565.8788476338226,579.6092244846548,565.8801684550776,"[0.0, 0.0]","[221.0, 0.0]",78.9,9.25,994.0,114.0,"[1043.2818754046853, 313.4014751456866]","[327.28187540468525, 231.40147514568662]",8,8,1,1,0.9765,"[21, 17]",2,"[0.7, 0.7]","[0.7, 0.7, 0.7, 0.7]",0
217,883.5140544073846,897.6662415786539,883.5122204128567,"[0.0, 0.0]","[221.0, 0.0]",78.9,9.25,994.0,114.0,"[1043.2818754046853, 313.4014751456866]","[327.28187540468525, 231.40147514568662]",8,8,1,1,0.8437,"[21, 17]",2,"[0.7, 0.7]","[0.7, 0.7, 0.7, 0.7]",0
218,319.2995600146782,332.8951575146981,319.29930526574344,"[0.0, 0.0]","[221.0, 0.0]",78.9,9.25,994.0,114.0,"[1043.2818754046853, 313.4014751456866]","[327.28187540468525, 231.40147514568662]",8,8,1,1,1.0936,"[21, 17]",2,"[0.7, 0.7]","[0.7, 0.7, 0.7, 0.7]",0
219,781.8857830792988,796.0269297852735,781.8827687542114,"[0.0, 0.0]","[221.0, 0.0]",78.9,9.25,994.0,114.0,"[1043.2818754046853, 313.4014751456866]","[327.28187540468525, 231.40147514568662]",8,8,1,1,0.8843,"[21, 17]",2,"[0.7, 0.7]","[0.7, 0.7, 0.7, 0.7]",0
220,923.8800911319167,938.033632709788,923.8755672013834,"[0.0, 0.0]","[221.0, 0.0]",78.9,9.25,994.0,114.0,"[1043.2818754046853, 313.4014751456866]","[327.28187540468525, 231.40147514568662]",8,8,1,1,0.8276,"[21, 17]",2,"[0.7, 0.7]","[0.7, 0.7, 0.7, 0.7]",0
221,595.0369804868707,608.7769707039347,595.0351143157238,"[0.0, 0.0]","[221.0, 0.0]",78.9,9.25,994.0,114.0,"[1043.2818754046853, 313.4014751456866]","[327.28187540468525, 231.40147514568662]",8,8,1,1,0.963,"[21, 17]",2,"[0.7, 0.7]","[0.7, 0.7, 0.7, 0.7]",0
222,916.1048111805148,930.2585722684537,916.1012829933516,"[0.0, 0.0]","[221.0, 0.0]",78.9,9.25,994.0,114.0,"[1043.2818754046853, 313.4014751456866]","[327.28187540468525, 231.40147514568662]",8,8,1,1,0.8307,"[21, 17]",2,"[0.7, 0.7]","[0.7, 0.7, 0.7, 0.7]",0
223,840.4196961285735,854.5732047588328,840.4197416586659,"[0.0, 0.0]","[221.0, 0.0]",78.9,9.25,994.0,114.0,"[1043.2818754046853, 313.4014751456866]","[327.28187540468525, 231.40147514568662]",8,8,1,1,0.8609,"[21, 17]",2,"[0.7, 0.7]","[0.7, 0.7, 0.7, 0.7]",0
224,804.8807408522051,819.0278285901493,804.878385300615,"[0.0, 0.0]","[221.0, 0.0]",78.9,9.25,994.0,114.0,"[1043.2818754046853, 313.4014751456866]","[327.28187540468525, 231.40147514568662]",8,8,1,1,0.8751,"[21, 17]",2,"[0.7, 0.7]","[0.7, 0.7, 0.7, 0.7]",0
225,260.85301245161975,274.4475240650863,260.8529640728061,"[0.0, 0.0]","[221.0, 0.0]",78.9,9.25,994.0,114.0,"[1043.2818754046853, 313.4014751456866]","[327.28187540468525, 231.40147514568662]",8,8,1,1,1.1216,"[21, 17]",2,"[0.7, 0.7]","[0.7, 0.7, 0.7, 0.7]",0
226,721.3028234980525,735.426167091423,721.2999489642706,"[0.0, 0.0]","[221.0, 0.0]",78.9,9.25,994.0,114.0,"[1043.2818754046853, 313.4014751456866]","[327.28187540468525, 231.40147514568662]",8,8,1,1,0.9086,"[21, 17]",2,"[0.7, 0.7]","[0.7, 0.7, 0.7, 0.7]",0
227,313.4528465366177,327.0483535003873,313.4525919704413,"[0.0, 0.0]","[221.0, 0.0]",78.9,9.25,994.0,114.0,"[1043.2818754046853, 313.4014751456866]","[327.28187540468525, 231.40147514568662]",8,8,1,1,1.0964,"[21, 17]",2,"[0.7, 0.7]","[0.7, 0.7, 0.7, 0.7]",0
228,621.2362717046259,634.990435704633,621.2359263662997,"[0.0, 0.0]","[221.0, 0.0]",78.9,9.25,994.0,114.0,"[1043.2818754046853, 313.4014751456866]","[327.28187540468525, 231.40147514568662]",8,8,1,1,0.9509,"[21, 17]",2,"[0.7, 0.7]","[0.7, 0.7, 0.7, 0.7]",0
229,809.884236902149,824.0308509097706,809.8815657262262,"[0.0, 0.0]","[221.0, 0.0]",78.9,9.25,994.0,114.0,"[1043.2818754046853, 313.4014751456866]","[327.28187540468525, 231.40147514568662]",8,8,1,1,0.8731,"[21, 17]",2,"[0.7, 0.7]","[0.7, 0.7, 0.7, 0.7]",0
230,514.9447881305906,528.6208029746945,514.9446246025617,"[0.0, 0.0]","[221.0, 0.0]",78.9,9.25,994.0,114.0,"[1043.2818754046853, 313.4014751456866]","[327.28187540468525, 231.40147514568662]",8,8,1,1,1.0002,"[21, 17]",2,"[0.7, 0.7]","[0.7, 0.7, 0.7, 0.7]",0
231,780.6382041279847,794.7789732303717,780.6353137406725,"[0.0, 0.0]","[221.0, 0.0]",78.9,9.25,994.0,114.0,"[1043.2818754046853, 313.4014751456866]","[327.28187540468525, 231.40147514568662]",8,8,1,1,0.8848,"[21, 17]",2,"[0.7, 0.7]","[0.7, 0.7, 0.7, 0.7]",0
232,316.7937704585661,330.3892871733068,316.7935077371159,"[0.0, 0.0]","[221.0, 0.0]",78.9,9.25,994.0,114.0,"[1043.2818754046853, 313.4014751456866]","[327.28187540468525, 231.40147514568662]",8,8,1,1,1.0948,"[21, 17]",2,"[0.7, 0.7]","[0.7, 0.7, 0.7, 0.7]",0
233,502.0145663861718,515.649147917371,502.01532389824956,"[0.0, 0.0]","[221.0, 0.0]",78.9,9.25,994.0,114.0,"[1043.2818754046853, 313.4014751456866]","[327.28187540468525, 231.40147514568662]",8,8,1,1,1.0063,"[21, 17]",2,"[0.7, 0.7]","[0.7, 0.7, 0.7, 0.7]",0
234,663.1629326300122,677.23392755408,663.164882413645,"[0.0, 0.0]","[221.0, 0.0]",78.9,9.25,994.0,114.0,"[1043.2818754046853, 313.4014751456866]","[327.28187540468525, 231.40147514568662]",8,8,1,1,0.9321,"[21, 17]",2,"[0.7, 0.7]","[0.7, 0.7, 0.7, 0.7]",0
235,216.42300335277338,230.01745499335578,216.42174991676578,"[0.0, 0.0]","[221.0, 0.0]",78.9,9.25,994.0,114.0,"[1043.2818754046853, 313.4014751456866]","[327.28187540468525, 231.40147514568662]",8,8,1,1,1.1429,"[21, 17]",2,"[0.7, 0.7]","[0.7, 0.7, 0.7, 0.7]",0
236,626.0065904605642,639.7618669583054,626.0059552367843,"[0.0, 0.0]","[221.0, 0.0]",78.9,9.25,994.0,114.0,"[1043.2818754046853, 313.4014751456866]","[327.28187540468525, 231.40147514568662]",8,8,1,1,0.9487,"[21, 17]",2,"[0.7, 0.7]","[0.7, 0.7, 0.7, 0.7]",0
237,785.6327092664985,799.7747379723583,785.6297971572261,"[0.0, 0.0]","[221.0, 0.0]",78.9,9.25,994.0,114.0,"[1043.2818754046853, 313.4014751456866]","[327.28187540468525, 231.40147514568662]",8,8,1,1,0.8828,"[21, 17]",2,"[0.7, 0.7]","[0.7, 0.7, 0.7, 0.7]",0
238,276.50378452655286,290.0987117321119,276.503730611113,"[0.0, 0.0]","[221.0, 0.0]",78.9,9.25,994.0,114.0,"[1043.2818754046853, 313.4014751456866]","[327.28187540468525, 231.40147514568662]",8,8,1,1,1.1141,"[21, 17]",2,"[0.7, 0.7]","[0.7, 0.7, 0.7, 0.7]",0
239,492.3243484178164,505.93470115425583,492.32363773878035,"[0.0, 0.0]","[221.0, 0.0]",78.9,9.25,994.0,114.0,"[1043.2818754046853, 313.4014751456866]","[327.28187540468525, 231.40147514568662]",8,8,1,1,1.0109,"[21, 17]",2,"[0.7, 0.7]","[0.7, 0.7, 0.7, 0.7]",0
240,155.34613845511495,168.93975449341585,155.3463346875929,"[0.0, 0.0]","[221.0, 0.0]",78.9,9.25,994.0,114.0,"[1043.2818754046853, 313.4014751456866]","[327.28187540468525, 231.40147514568662]",8,8,1,1,1.1722,"[21, 17]",2,"[0.7, 0.7]","[0.7, 0.7, 0.7, 0.7]",0
241,296.9591246821972,310.55425908946467,296.95910885596356,"[0.0, 0.0]","[221.0, 0.0]",78.9,9.25,994.0,114.0,"[1043.2818754046853, 313.4014751456866]","[327.28187540468525, 231.40147514568662]",8,8,1,1,1.1043,"[21, 17]",2,"[0.7, 0.7]","[0.7, 0.7, 0.7, 0.7]",0
242,219.34254812941523,232.93560544708382,219.34128880361231,"[0.0, 0.0]","[221.0, 0.0]",78.9,9.25,994.0,114.0,"[1043.2818754046853, 313.4014751456866]","[327.28187540468525, 231.40147514568662]",8,8,1,1,1.1415,"[21, 17]",2,"[0.7, 0.7]","[0.7, 0.7, 0.7, 0.7]",0
243,816.6413568889525,830.7882389513165,816.6378738446223,"[0.0, 0.0]","[221.0, 0.0]",78.9,9.25,994.0,114.0,"[1043.2818754046853, 313.4014751456866]","[327.28187540468525, 231.40147514568662]",8,8,1,1,0.8704,"[21, 17]",2,"[0.7, 0.7]","[0.7, 0.7, 0.7, 0.7]",0
244,218.92546320467346,232.5189189751896,218.92420407809482,"[0.0, 0.0]","[221.0, 0.0]",78.9,9.25,994.0,114.0,"[1043.2818754046853, 313.4014751456866]","[327.28187540468525, 231.40147514568662]",8,8,1,1,1.1417,"[21, 17]",2,"[0.7, 0.7]","[0.7, 0.7, 0.7, 0.7]",0
245,621.4530510635709,635.2056966258364,621.4527875205645,"[0.0, 0.0]","[221.0, 0.0]",78.9,9.25,994.0,114.0,"[1043.2818754046853, 313.4014751456866]","[327.28187540468525, 231.40147514568662]",8,8,1,1,0.9508,"[21, 17]",2,"[0.7, 0.7]","[0.7, 0.7, 0.7, 0.7]",0
246,179.5212101139522,193.11498318900422,179.5201709531947,"[0.0, 0.0]","[221.0, 0.0]",78.9,9.25,994.0,114.0,"[1043.2818754046853, 313.4014751456866]","[327.28187540468525, 231.40147514568662]",8,8,1,1,1.1606,"[21, 17]",2,"[0.7, 0.7]","[0.7, 0.7, 0.7, 0.7]",0
247,638.8111993395185,652.570628575296,638.809654319113,"[0.0, 0.0]","[221.0, 0.0]",78.9,9.25,994.0,114.0,"[1043.2818754046853, 313.4014751456866]","[327.28187540468525, 231.40147514568662]",8,8,1,1,0.9428,"[21, 17]",2,"[0.7, 0.7]","[0.7, 0.7, 0.7, 0.7]",0
248,771.8982949965338,786.0379651858826,771.895232178392,"[0.0, 0.0]","[221.0, 0.0]",78.9,9.25,994.0,114.0,"[1043.2818754046853, 313.4014751456866]","[327.28187540468525, 231.40147514568662]",8,8,1,1,0.8883,"[21, 17]",2,"[0.7, 0.7]","[0.7, 0.7, 0.7, 0.7]",0
249,298.6291945765607,312.22436289148305,298.62917329627624,"[0.0, 0.0]","[221.0, 0.0]",78.9,9.25,994.0,114.0,"[1043.2818754046853, 313.4014751456866]","[327.28187540468525, 231.40147514568662]",8,8,1,1,1.1035,"[21, 17]",2,"[0.7, 0.7]","[0.7, 0.7, 0.7, 0.7]",0
250,438.6428801617019,452.2415997566984,438.64298797883026,"[0.0, 0.0]","[221.0, 0.0]",78.9,9.25,994.0,114.0,"[1043.2818754046853, 313.4014751456866]","[327.28187540468525, 231.40147514568662]",8,8,1,1,1.0365,"[21, 17]",2,"[0.7, 0.7]","[0.7, 0.7, 0.7, 0.7]",0
251,234.3582935461032,247.9523555481755,234.35832733176454,"[0.0, 0.0]","[221.0, 0.0]",78.9,9.25,994.0,114.0,"[1043.2818754046853, 313.4014751456866]","[327.28187540468525, 231.40147514568662]",8,8,1,1,1.1343,"[21, 17]",2,"[0.7, 0.7]","[0.7, 0.7, 0.7, 0.7]",0
252,488.33040699112917,501.9364809103791,488.33026117776456,"[0.0, 0.0]","[221.0, 0.0]",78.9,9.25,994.0,114.0,"[1043.2818754046853, 313.4014751456866]","[327.28187540468525, 231.40147514568662]",8,8,1,1,1.0128,"[21, 17]",2,"[0.7, 0.7]","[0.7, 0.7, 0.7, 0.7]",0
253,683.0940606668531,697.2031485197463,683.0917105225946,"[0.0, 0.0]","[221.0, 0.0]",78.9,9.25,994.0,114.0,"[1043.2818754046853, 313.4014751456866]","[327.28187540468525, 231.40147514568662]",8,8,1,1,0.924,"[21, 17]",2,"[0.7, 0.7]","[0.7, 0.7, 0.7, 0.7]",0
254,179.1043471486198,192.6981150183242,179.10330438096702,"[0.0, 0.0]","[221.0, 0.0]",78.9,9.25,994.0,114.0,"[1043.2818754046853, 313.4014751456866]","[327.28187540468525, 231.40147514568662]",8,8,1,1,1.1608,"[21, 17]",2,"[0.7, 0.7]","[0.7, 0.7, 0.7, 0.7]",0
255,137.22051726502013,150.8142914462129,137.22092838685734,"[0.0, 0.0]","[221.0, 0.0]",78.9,9.25,994.0,114.0,"[1043.2818754046853, 313.4014751456866]","[327.28187540468525, 231.40147514568662]",8,8,1,1,1.1809,"[21, 17]",2,"[0.7, 0.7]","[0.7, 0.7, 0.7, 0.7]",0
256,120.34897897760808,133.94191182270634,120.3488091006985,"[0.0, 0.0]","[221.0, 0.0]",78.9,9.25,994.0,114.0,"[1043.2818754046853, 313.4014751456866]","[327.28187540468525, 231.40147514568662]",8,8,1,1,1.189,"[21, 17]",2,"[0.7, 0.7]","[0.7, 0.7, 0.7, 0.7]",0
257,649.024097449525,662.8849625836821,649.0227701778202,"[0.0, 0.0]","[221.0, 0.0]",78.9,9.25,994.0,114.0,"[1043.2818754046853, 313.4014751456866]","[327.28187540468525, 231.40147514568662]",8,8,1,1,0.9381,"[21, 17]",2,"[0.7, 0.7]","[0.7, 0.7, 0.7, 0.7]",0
258,275.6689981599179,289.2638752340212,275.6689389771132,"[0.0, 0.0]","[221.0, 0.0]",78.9,9.25,994.0,114.0,"[1043.2818754046853, 313.4014751456866]","[327.28187540468525, 231.40147514568662]",8,8,1,1,1.1145,"[21, 17]",2,"[0.7, 0.7]","[0.7, 0.7, 0.7, 0.7]",0
259,249.79507605733176,263.3902933983572,249.79607375189232,"[0.0, 0.0]","[221.0, 0.0]",78.9,9.25,994.0,114.0,"[1043.2818754046853, 313.4014751456866]","[327.28187540468525, 231.40147514568662]",8,8,1,1,1.1269,"[21, 17]",2,"[0.7, 0.7]","[0.7, 0.7, 0.7, 0.7]",0
260,209.75020604045915,223.34327951297436,209.75053932956462,"[0.0, 0.0]","[221.0, 0.0]",78.9,9.25,994.0,114.0,"[1043.2818754046853, 313.4014751456866]","[327.28187540468525, 231.40147514568662]",8,8,1,1,1.1461,"[21, 17]",2,"[0.7, 0.7]","[0.7, 0.7, 0.7, 0.7]",0
261,980.8423014377904,994.9982200961628,980.8378961287447,"[0.0, 0.0]","[221.0, 0.0]",78.9,9.25,994.0,114.0,"[1043.2818754046853, 313.4014751456866]","[327.28187540468525, 231.40147514568662]",8,8,1,1,0.8049,"[21, 17]",2,"[0.7, 0.7]","[0.7, 0.7, 0.7, 0.7]",0
262,426.7179374374675,440.3151368099518,426.71816170916304,"[0.0, 0.0]","[221.0, 0.0]",78.9,9.25,994.0,114.0,"[1043.2818754046853, 313.4014751456866]","[327.28187540468525, 231.40147514568662]",8,8,1,1,1.0422,"[21, 17]",2,"[0.7, 0.7]","[0.7, 0.7, 0.7, 0.7]",0
263,319.71719891471537,333.3128038847901,319.7169399702885,"[0.0, 0.0]","[221.0, 0.0]",78.9,9.25,994.0,114.0,"[1043.2818754046853, 313.4014751456866]","[327.28187540468525, 231.40147514568662]",8,8,1,1,1.0934,"[21, 17]",2,"[0.7, 0.7]","[0.7, 0.7, 0.7, 0.7]",0
264,499.4819778401691,513.1102189895375,499.4836070836522,"[0.0, 0.0]","[221.0, 0.0]",78.9,9.25,994.0,114.0,"[1043.2818754046853, 313.4014751456866]","[327.28187540468525, 231.40147514568662]",8,8,1,1,1.0075,"[21, 17]",2,"[0.7, 0.7]","[0.7, 0.7, 0.7, 0.7]",0
265,787.3817024502729,801.5238584142311,787.3786259896726,"[0.0, 0.0]","[221.0, 0.0]",78.9,9.25,994.0,114.0,"[1043.2818754046853, 313.4014751456866]","[327.28187540468525, 231.40147514568662]",8,8,1,1,0.8821,"[21, 17]",2,"[0.7, 0.7]","[0.7, 0.7, 0.7, 0.7]",0
266,351.2550661474819,364.85145538412667,351.25513187840335,"[0.0, 0.0]","[221.0, 0.0]",78.9,9.25,994.0,114.0,"[1043.2818754046853, 313.4014751456866]","[327.28187540468525, 231.40147514568662]",8,8,1,1,1.0783,"[21, 17]",2,"[0.7, 0.7]","[0.7, 0.7, 0.7, 0.7]",0
267,680.1279109087938,694.231884425321,680.1250910076556,"[0.0, 0.0]","[221.0, 0.0]",78.9,9.25,994.0,114.0,"[1043.2818754046853, 313.4014751456866]","[327.28187540468525, 231.40147514568662]",8,8,1,1,0.9252,"[21, 17]",2,"[0.7, 0.7]","[0.7, 0.7, 0.7, 0.7]",0
268,410.1948675107574,423.79100212453653,410.1951118194411,"[0.0, 0.0]","[221.0, 0.0]",78.9,9.25,994.0,114.0,"[1043.2818754046853, 313.4014751456866]","[327.28187540468525, 231.40147514568662]",8,8,1,1,1.0501,"[21, 17]",2,"[0.7, 0.7]","[0.7, 0.7, 0.7, 0.7]",0
269,804.1303881140176,818.2776880500938,804.1280912955698,"[0.0, 0.0]","[221.0, 0.0]",78.9,9.25,994.0,114.0,"[1043.2818754046853, 313.4014751456866]","[327.28187540468525, 231.40147514568662]",8,8,1,1,0.8754,"[21, 17]",2,"[0.7, 0.7]","[0.7, 0.7, 0.7, 0.7]",0
270,568.2517645441751,581.9824452487585,568.2516621832499,"[0.0, 0.0]","[221.0, 0.0]",78.9,9.25,994.0,114.0,"[1043.2818754046853, 313.4014751456866]","[327.28187540468525, 231.40147514568662]",8,8,1,1,0.9754,"[21, 17]",2,"[0.7, 0.7]","[0.7, 0.7, 0.7, 0.7]",0
271,778.140637320136,792.2817279946306,778.1382601215408,"[0.0, 0.0]","[221.0, 0.0]",78.9,9.25,994.0,114.0,"[1043.2818754046853, 313.4014751456866]","[327.28187540468525, 231.40147514568662]",8,8,1,1,0.8858,"[21, 17]",2,"[0.7, 0.7]","[0.7, 0.7, 0.7, 0.7]",0
272,193.2792937924014,206.8729665340063,193.2779739730583,"[0.0, 0.0]","[221.0, 0.0]",78.9,9.25,994.0,114.0,"[1043.2818754046853, 313.4014751456866]","[327.28187540468525, 231.40147514568662]",8,8,1,1,1.154,"[21, 17]",2,"[0.7, 0.7]","[0.7, 0.7, 0.7, 0.7]",0
273,163.47299445212846,177.06632674347472,163.47269198608535,"[0.0, 0.0]","[221.0, 0.0]",78.9,9.25,994.0,114.0,"[1043.2818754046853, 313.4014751456866]","[327.28187540468525, 231.40147514568662]",8,8,1,1,1.1683,"[21, 17]",2,"[0.7, 0.7]","[0.7, 0.7, 0.7, 0.7]",0
274,515.7967885183413,529.4760892123307,515.7969420629036,"[0.0, 0.0]","[221.0, 0.0]",78.9,9.25,994.0,114.0,"[1043.2818754046853, 313.4014751456866]","[327.28187540468525, 231.40147514568662]",8,8,1,1,0.9998,"[21, 17]",2,"[0.7, 0.7]","[0.7, 0.7, 0.7, 0.7]",0
275,541.5403312036806,555.251190863003,541.5401439825882,"[0.0, 0.0]","[221.0, 0.0]",78.9,9.25,994.0,114.0,"[1043.2818754046853, 313.4014751456866]","[327.28187540468525, 231.40147514568662]",8,8,1,1,0.9878,"[21, 17]",2,"[0.7, 0.7]","[0.7, 0.7, 0.7, 0.7]",0
276,806.8820693925719,821.0279552227125,806.8794810128843,"[0.0, 0.0]","[221.0, 0.0]",78.9,9.25,994.0,114.0,"[1043.2818754046853, 313.4014751456866]","[327.28187540468525, 231.40147514568662]",8,8,1,1,0.8743,"[21, 17]",2,"[0.7, 0.7]","[0.7, 0.7, 0.7, 0.7]",0
277,312.2000382807439,325.79553914140837,312.19987593365715,"[0.0, 0.0]","[221.0, 0.0]",78.9,9.25,994.0,114.0,"[1043.2818754046853, 313.4014751456866]","[327.28187540468525, 231.40147514568662]",8,8,1,1,1.097,"[21, 17]",2,"[0.7, 0.7]","[0.7, 0.7, 0.7, 0.7]",0
278,674.6950920672151,688.792916706592,674.6917850693002,"[0.0, 0.0]","[221.0, 0.0]",78.9,9.25,994.0,114.0,"[1043.2818754046853, 313.4014751456866]","[327.28187540468525, 231.40147514568662]",8,8,1,1,0.9274,"[21, 17]",2,"[0.7, 0.7]","[0.7, 0.7, 0.7, 0.7]",0
279,979.8381070850488,993.9957699407906,979.8336542597142,"[0.0, 0.0]","[221.0, 0.0]",78.9,9.25,994.0,114.0,"[1043.2818754046853, 313.4014751456866]","[327.28187540468525, 231.40147514568662]",8,8,1,1,0.8053,"[21, 17]",2,"[0.7, 0.7]","[0.7, 0.7, 0.7, 0.7]",0
280,320.55248638032924,334.14810270231027,320.55222292324487,"[0.0, 0.0]","[221.0, 0.0]",78.9,9.25,994.0,114.0,"[1043.2818754046853, 313.4014751456866]","[327.28187540468525, 231.40147514568662]",8,8,1,1,1.093,"[21, 17]",2,"[0.7, 0.7]","[0.7, 0.7, 0.7, 0.7]",0
281,499.06023243754714,512.6874274858989,499.0619113936015,"[0.0, 0.0]","[221.0, 0.0]",78.9,9.25,994.0,114.0,"[1043.2818754046853, 313.4014751456866]","[327.28187540468525, 231.40147514568662]",8,8,1,1,1.0077,"[21, 17]",2,"[0.7, 0.7]","[0.7, 0.7, 0.7, 0.7]",0
282,576.4527258549391,590.1877265068456,576.4523532166992,"[0.0, 0.0]","[221.0, 0.0]",78.9,9.25,994.0,114.0,"[1043.2818754046853, 313.4014751456866]","[327.28187540468525, 231.40147514568662]",8,8,1,1,0.9716,"[21, 17]",2,"[0.7, 0.7]","[0.7, 0.7, 0.7, 0.7]",0
283,350.41944915721854,364.0157889675845,350.41967294085117,"[0.0, 0.0]","[221.0, 0.0]",78.9,9.25,994.0,114.0,"[1043.2818754046853, 313.4014751456866]","[327.28187540468525, 231.40147514568662]",8,8,1,1,1.0787,"[21, 17]",2,"[0.7, 0.7]","[0.7, 0.7, 0.7, 0.7]",0
284,584.8753528834975,598.6132798565527,584.8757993592925,"[0.0, 0.0]","[221.0, 0.0]",78.9,9.25,994.0,114.0,"[1043.2818754046853, 313.4014751456866]","[327.28187540468525, 231.40147514568662]",8,8,1,1,0.9677,"[21, 17]",2,"[0.7, 0.7]","[0.7, 0.7, 0.7, 0.7]",0
285,202.2440217128298,215.83771699848373,202.24273633715893,"[0.0, 0.0]","[221.0, 0.0]",78.9,9.25,994.0,114.0,"[1043.2818754046853, 313.4014751456866]","[327.28187540468525, 231.40147514568662]",8,8,1,1,1.1497,"[21, 17]",2,"[0.7, 0.7]","[0.7, 0.7, 0.7, 0.7]",0
286,612.1353596350444,625.8846909003023,612.1348499335388,"[0.0, 0.0]","[221.0, 0.0]",78.9,9.25,994.0,114.0,"[1043.2818754046853, 313.4014751456866]","[327.28187540468525, 231.40147514568662]",8,8,1,1,0.9551,"[21, 17]",2,"[0.7, 0.7]","[0.7, 0.7, 0.7, 0.7]",0
287,112.64343908042679,126.23627450977256,112.64331399703691,"[0.0, 0.0]","[221.0, 0.0]",78.9,9.25,994.0,114.0,"[1043.2818754046853, 313.4014751456866]","[327.28187540468525, 231.40147514568662]",8,8,1,1,1.1927,"[21, 17]",2,"[0.7, 0.7]","[0.7, 0.7, 0.7, 0.7]",0
288,924.1309040486985,938.2844487893452,924.1263743709115,"[0.0, 0.0]","[221.0, 0.0]",78.9,9.25,994.0,114.0,"[1043.2818754046853, 313.4014751456866]","[327.28187540468525, 231.40147514568662]",8,8,1,1,0.8275,"[21, 17]",2,"[0.7, 0.7]","[0.7, 0.7, 0.7, 0.7]",0
289,286.9395580840803,300.5345674836717,286.93949605594787,"[0.0, 0.0]","[221.0, 0.0]",78.9,9.25,994.0,114.0,"[1043.2818754046853, 313.4014751456866]","[327.28187540468525, 231.40147514568662]",8,8,1,1,1.1091,"[21, 17]",2,"[0.7, 0.7]","[0.7, 0.7, 0.7, 0.7]",0
290,312.4088390105511,326.0043405186093,312.40868163705437,"[0.0, 0.0]","[221.0, 0.0]",78.9,9.25,994.0,114.0,"[1043.2818754046853, 313.4014751456866]","[327.28187540468525, 231.40147514568662]",8,8,1,1,1.0969,"[21, 17]",2,"[0.7, 0.7]","[0.7, 0.7, 0.7, 0.7]",0
291,836.1635974554157,850.317059465723,836.1635274128147,"[0.0, 0.0]","[221.0, 0.0]",78.9,9.25,994.0,114.0,"[1043.2818754046853, 313.4014751456866]","[327.28187540468525, 231.40147514568662]",8,8,1,1,0.8626,"[21, 17]",2,"[0.7, 0.7]","[0.7, 0.7, 0.7, 0.7]",0
292,915.8540400849267,930.009246010266,915.8505152354277,"[0.0, 0.0]","[221.0, 0.0]",78.9,9.25,994.0,114.0,"[1043.2818754046853, 313.4014751456866]","[327.28187540468525, 231.40147514568662]",8,8,1,1,0.8308,"[21, 17]",2,"[0.7, 0.7]","[0.7, 0.7, 0.7, 0.7]",0
293,668.7817402517815,682.8747422082573,668.7820666284669,"[0.0, 0.0]","[221.0, 0.0]",78.9,9.25,994.0,114.0,"[1043.2818754046853, 313.4014751456866]","[327.28187540468525, 231.40147514568662]",8,8,1,1,0.9298,"[21, 17]",2,"[0.7, 0.7]","[0.7, 0.7, 0.7, 0.7]",0
294,275.2516031633517,288.8464696816004,275.2515483119927,"[0.0, 0.0]","[221.0, 0.0]",78.9,9.25,994.0,114.0,"[1043.2818754046853, 313.4014751456866]","[327.28187540468525, 231.40147514568662]",8,8,1,1,1.1147,"[21, 17]",2,"[0.7, 0.7]","[0.7, 0.7, 0.7, 0.7]",0
295,375.4935212936492,389.08917900664574,375.4924478454715,"[0.0, 0.0]","[221.0, 0.0]",78.9,9.25,994.0,114.0,"[1043.2818754046853, 313.4014751456866]","[327.28187540468525, 231.40147514568662]",8,8,1,1,1.0667,"[21, 17]",2,"[0.7, 0.7]","[0.7, 0.7, 0.7, 0.7]",0
296,925.6363243854167,939.7893652770442,925.6312122766101,"[0.0, 0.0]","[221.0, 0.0]",78.9,9.25,994.0,114.0,"[1043.2818754046853, 313.4014751456866]","[327.28187540468525, 231.40147514568662]",8,8,1,1,0.8269,"[21, 17]",2,"[0.7, 0.7]","[0.7, 0.7, 0.7, 0.7]",0
297,129.72177657136373,143.31528266672768,129.72165644922256,"[0.0, 0.0]","[221.0, 0.0]",78.9,9.25,994.0,114.0,"[1043.2818754046853, 313.4014751456866]","[327.28187540468525, 231.40147514568662]",8,8,1,1,1.1845,"[21, 17]",2,"[0.7, 0.7]","[0.7, 0.7, 0.7, 0.7]",0
298,684.0832318356239,698.1936928793332,684.0834642423243,"[0.0, 0.0]","[221.0, 0.0]",78.9,9.25,994.0,114.0,"[1043.2818754046853, 313.4014751456866]","[327.28187540468525, 231.40147514568662]",8,8,1,1,0.9236,"[21, 17]",2,"[0.7, 0.7]","[0.7, 0.7, 0.7, 0.7]",0
299,610.8358565544164,624.5845303397963,610.8353367737872,"[0.0, 0.0]","[221.0, 0.0]",78.9,9.25,994.0,114.0,"[1043.2818754046853, 313.4014751456866]","[327.28187540468525, 231.40147514568662]",8,8,1,1,0.9557,"[21, 17]",2,"[0.7, 0.7]","[0.7, 0.7, 0.7, 0.7]",0
